[{"jid":"15126490397@s.whatsapp.net","xp":18,"level":1},{"jid":"6285641570821@s.whatsapp.net","xp":213,"level":1},{"jid":"6289655478810@s.whatsapp.net","xp":10298,"level":1},{"jid":"6282387804410@s.whatsapp.net","xp":7100,"level":1},{"jid":"6287720646259@s.whatsapp.net","xp":9299478717,"level":10},{"jid":"6289669770901@s.whatsapp.net","xp":10,"level":1},{"jid":"6283879516283@s.whatsapp.net","xp":9,"level":1},{"jid":"6285793432434@s.whatsapp.net","xp":1497,"level":1},{"jid":"6285706215673@s.whatsapp.net","xp":17,"level":1},{"jid":"6285705198802@s.whatsapp.net","xp":749,"level":1},{"jid":"6289635687240@s.whatsapp.net","xp":218,"level":1},{"jid":"6285157226383@s.whatsapp.net","xp":159,"level":1},{"jid":"6288708038034@s.whatsapp.net","xp":131,"level":1},{"jid":"6283191013191@s.whatsapp.net","xp":57,"level":1},{"jid":"6285752164908@s.whatsapp.net","xp":4236,"level":1},{"jid":"62895801181650@s.whatsapp.net","xp":2923,"level":1},{"jid":"6285782026550@s.whatsapp.net","xp":392,"level":1},{"jid":"6283176387577@s.whatsapp.net","xp":5,"level":1},{"jid":"6283143755720@s.whatsapp.net","xp":3,"level":1},{"jid":"6282147334265@s.whatsapp.net","xp":117,"level":1},{"jid":"6285942270884@s.whatsapp.net","xp":336,"level":1},{"jid":"6283177756502@s.whatsapp.net","xp":80,"level":1},{"jid":"62881038322946@s.whatsapp.net","xp":132,"level":1},{"jid":"62878822565810@s.whatsapp.net","xp":7826,"level":1},{"jid":"6283897748188@s.whatsapp.net","xp":549,"level":1},{"jid":"6281901968466@s.whatsapp.net","xp":59,"level":1},{"jid":"6281222478241@s.whatsapp.net","xp":15,"level":1},{"jid":"6283151735939@s.whatsapp.net","xp":1221,"level":1},{"jid":"6289653238445@s.whatsapp.net","xp":50,"level":1},{"jid":"628873735519@s.whatsapp.net","xp":106,"level":1},{"jid":"6281275026019@s.whatsapp.net","xp":322,"level":1},{"jid":"6281563752643@s.whatsapp.net","xp":85,"level":1},{"jid":"6281991303442@s.whatsapp.net","xp":15,"level":1},{"jid":"6283825561154@s.whatsapp.net","xp":35,"level":1},{"jid":"6281803343310@s.whatsapp.net","xp":38,"level":1},{"jid":"6285259622026@s.whatsapp.net","xp":395,"level":1},{"jid":"62895800467869@s.whatsapp.net","xp":13,"level":1},{"jid":"6285524627437@s.whatsapp.net","xp":166,"level":1},{"jid":"62857303430648@s.whatsapp.net","xp":2028,"level":1},{"jid":"6287802560522@s.whatsapp.net","xp":84,"level":1},{"jid":"6281818145764@s.whatsapp.net","xp":950,"level":1},{"jid":"6287899704530@s.whatsapp.net","xp":143,"level":1},{"jid":"6281649182855@s.whatsapp.net","xp":806,"level":1},{"jid":"6282269168767@s.whatsapp.net","xp":96,"level":1},{"jid":"6285894301805@s.whatsapp.net","xp":5,"level":1},{"jid":"6285692538042@s.whatsapp.net","xp":21,"level":1},{"jid":"6282392166099@s.whatsapp.net","xp":1176,"level":1},{"jid":"6288226404788@s.whatsapp.net","xp":5,"level":1},{"jid":"6282387711916@s.whatsapp.net","xp":454,"level":1},{"jid":"6287857069212@s.whatsapp.net","xp":46,"level":1},{"jid":"6285710517232@s.whatsapp.net","xp":9,"level":1},{"jid":"6281313709181@s.whatsapp.net","xp":39,"level":1},{"jid":"62822551230810@s.whatsapp.net","xp":1449,"level":1},{"jid":"6282147278662@s.whatsapp.net","xp":3019,"level":1},{"jid":"6282116793460@s.whatsapp.net","xp":390,"level":1},{"jid":"6282198571732@s.whatsapp.net","xp":5572,"level":1},{"jid":"6285647282417@s.whatsapp.net","xp":48,"level":1},{"jid":"62895622957611@s.whatsapp.net","xp":88,"level":1},{"jid":"6281245665467@s.whatsapp.net","xp":2,"level":1},{"jid":"6289636032177@s.whatsapp.net","xp":208,"level":1},{"jid":"6282244000401@s.whatsapp.net","xp":16,"level":1},{"jid":"6289654020788@s.whatsapp.net","xp":15,"level":1},{"jid":"6282286177993@s.whatsapp.net","xp":9,"level":1},{"jid":"6282346903971@s.whatsapp.net","xp":20,"level":1},{"jid":"628983360017@s.whatsapp.net","xp":4,"level":1},{"jid":"6289608679732@s.whatsapp.net","xp":53,"level":1},{"jid":"6285155374146@s.whatsapp.net","xp":52,"level":1},{"jid":"6285714530468@s.whatsapp.net","xp":123,"level":1},{"jid":"6283122266455@s.whatsapp.net","xp":9,"level":1},{"jid":"6281290487285@s.whatsapp.net","xp":6,"level":1},{"jid":"6282271106050@s.whatsapp.net","xp":5,"level":1},{"jid":"6285238576254@s.whatsapp.net","xp":31,"level":1},{"jid":"6283101895956@s.whatsapp.net","xp":250,"level":1},{"jid":"6285709906356@s.whatsapp.net","xp":184,"level":1},{"jid":"6282324860178@s.whatsapp.net","xp":27,"level":1},{"jid":"6289528036110@s.whatsapp.net","xp":63,"level":1},{"jid":"6282134900553@s.whatsapp.net","xp":19,"level":1},{"jid":"6285642654160@s.whatsapp.net","xp":130,"level":1},{"jid":"6289696368960@s.whatsapp.net","xp":8,"level":1},{"jid":"6282280131271@s.whatsapp.net","xp":11,"level":1},{"jid":"6285876154630@s.whatsapp.net","xp":236,"level":1},{"jid":"6289530834523@s.whatsapp.net","xp":5,"level":1},{"jid":"6281353297672@s.whatsapp.net","xp":8,"level":1},{"jid":"6281910239204@s.whatsapp.net","xp":566,"level":1},{"jid":"6288216046235@s.whatsapp.net","xp":18,"level":1},{"jid":"6283801122315@s.whatsapp.net","xp":118,"level":1},{"jid":"12566854511@s.whatsapp.net","xp":283,"level":1},{"jid":"6281229488729@s.whatsapp.net","xp":127,"level":1},{"jid":"6288219894259@s.whatsapp.net","xp":24,"level":1},{"jid":"6281539336834@s.whatsapp.net","xp":177,"level":1},{"jid":"6283841425769@s.whatsapp.net","xp":9,"level":1},{"jid":"6281219700198@s.whatsapp.net","xp":191,"level":1},{"jid":"6287829458619@s.whatsapp.net","xp":145,"level":1},{"jid":"6287838824239@s.whatsapp.net","xp":8,"level":1},{"jid":"62813985058246@s.whatsapp.net","xp":12,"level":1},{"jid":"6285607588713@s.whatsapp.net","xp":7,"level":1},{"jid":"6289616176161@s.whatsapp.net","xp":36,"level":1},{"jid":"6283837380641@s.whatsapp.net","xp":58,"level":1},{"jid":"6285643833474@s.whatsapp.net","xp":9,"level":1},{"jid":"6285717812568@s.whatsapp.net","xp":52,"level":1},{"jid":"6285807107404@s.whatsapp.net","xp":1337,"level":1},{"jid":"62895392992010@s.whatsapp.net","xp":22,"level":1},{"jid":"6288213506264@s.whatsapp.net","xp":19,"level":1},{"jid":"6289524596250@s.whatsapp.net","xp":67,"level":1},{"jid":"628984595271@s.whatsapp.net","xp":63,"level":1},{"jid":"6282125986924@s.whatsapp.net","xp":23,"level":1},{"jid":"62895324971405@s.whatsapp.net","xp":64,"level":1},{"jid":"6282198248759@s.whatsapp.net","xp":8,"level":1},{"jid":"62895619678228@s.whatsapp.net","xp":6,"level":1},{"jid":"6287826494206@s.whatsapp.net","xp":6,"level":1},{"jid":"6281239285110@s.whatsapp.net","xp":28,"level":1},{"jid":"60105148042@s.whatsapp.net","xp":28,"level":1},{"jid":"6285607396570@s.whatsapp.net","xp":51,"level":1},{"jid":"6285229715011@s.whatsapp.net","xp":95,"level":1},{"jid":"6288245621406@s.whatsapp.net","xp":386,"level":1},{"jid":"6287820297900@s.whatsapp.net","xp":2,"level":1},{"jid":"6282135016180@s.whatsapp.net","xp":9,"level":1},{"jid":"6285651098691@s.whatsapp.net","xp":9,"level":1},{"jid":"6282154045811@s.whatsapp.net","xp":4,"level":1},{"jid":"62895331462155@s.whatsapp.net","xp":125,"level":1},{"jid":"628993595827@s.whatsapp.net","xp":24,"level":1},{"jid":"6281911581615@s.whatsapp.net","xp":3,"level":1},{"jid":"6287882558434@s.whatsapp.net","xp":88,"level":1},{"jid":"6281215199447@s.whatsapp.net","xp":1793,"level":1},{"jid":"17729465275@s.whatsapp.net","xp":69,"level":1},{"jid":"601131250463@s.whatsapp.net","xp":115,"level":1},{"jid":"6281558016717@s.whatsapp.net","xp":5,"level":1},{"jid":"6287871784952@s.whatsapp.net","xp":8,"level":1},{"jid":"5219934294699@s.whatsapp.net","xp":4,"level":1},{"jid":"6283157657741@s.whatsapp.net","xp":44,"level":1},{"jid":"6288258298467@s.whatsapp.net","xp":43,"level":1},{"jid":"6283146588359@s.whatsapp.net","xp":4,"level":1},{"jid":"6281617558500@s.whatsapp.net","xp":65,"level":1},{"jid":"62895640367456@s.whatsapp.net","xp":3,"level":1},{"jid":"62895636761912@s.whatsapp.net","xp":1629,"level":1},{"jid":"6282350181932@s.whatsapp.net","xp":2,"level":1},{"jid":"6282155498976@s.whatsapp.net","xp":19,"level":1},{"jid":"6281254780514@s.whatsapp.net","xp":5,"level":1},{"jid":"6281288326069@s.whatsapp.net","xp":3,"level":1},{"jid":"6283866874057@s.whatsapp.net","xp":234,"level":1},{"jid":"6285717477268@s.whatsapp.net","xp":69,"level":1},{"jid":"62895321849394@s.whatsapp.net","xp":10,"level":1},{"jid":"6285646013364@s.whatsapp.net","xp":25,"level":1},{"jid":"6285706642632@s.whatsapp.net","xp":70,"level":1},{"jid":"6285708584379@s.whatsapp.net","xp":8,"level":1},{"jid":"6282152110607@s.whatsapp.net","xp":107,"level":1},{"jid":"6285752761612@s.whatsapp.net","xp":19,"level":1},{"jid":"6289514572786@s.whatsapp.net","xp":11,"level":1},{"jid":"6283899273652@s.whatsapp.net","xp":18,"level":1},{"jid":"628998670101@s.whatsapp.net","xp":20,"level":1},{"jid":"6285333010384@s.whatsapp.net","xp":4,"level":1},{"jid":"6281385823695@s.whatsapp.net","xp":40,"level":1},{"jid":"6283141556351@s.whatsapp.net","xp":10,"level":1},{"jid":"6288224133925@s.whatsapp.net","xp":8,"level":1},{"jid":"6282157581762@s.whatsapp.net","xp":53,"level":1},{"jid":"6285292858705@s.whatsapp.net","xp":16,"level":1},{"jid":"6289686869540@s.whatsapp.net","xp":18,"level":1},{"jid":"62895639082345@s.whatsapp.net","xp":106,"level":1},{"jid":"6283133741368@s.whatsapp.net","xp":143,"level":1},{"jid":"62895383261793@s.whatsapp.net","xp":28,"level":1},{"jid":"6283121761811@s.whatsapp.net","xp":7,"level":1},{"jid":"6287770441148@s.whatsapp.net","xp":2,"level":1},{"jid":"6285607284651@s.whatsapp.net","xp":79,"level":1},{"jid":"6283871939250@s.whatsapp.net","xp":2,"level":1},{"jid":"15878718428@s.whatsapp.net","xp":30,"level":1},{"jid":"6285156009479@s.whatsapp.net","xp":3,"level":1},{"jid":"6281281644858@s.whatsapp.net","xp":16,"level":1},{"jid":"6288271899842@s.whatsapp.net","xp":51,"level":1},{"jid":"6285654129613@s.whatsapp.net","xp":7,"level":1},{"jid":"6282158031569@s.whatsapp.net","xp":3,"level":1},{"jid":"628986627885@s.whatsapp.net","xp":2,"level":1},{"jid":"6285790784469@s.whatsapp.net","xp":3,"level":1},{"jid":"6281949349477@s.whatsapp.net","xp":18,"level":1},{"jid":"6282339202133@s.whatsapp.net","xp":5,"level":1},{"jid":"6281365957849@s.whatsapp.net","xp":11,"level":1},{"jid":"6281296928664@s.whatsapp.net","xp":7,"level":1},{"jid":"62895412967787@s.whatsapp.net","xp":25,"level":1},{"jid":"6283805781772@s.whatsapp.net","xp":27,"level":1},{"jid":"6283804294417@s.whatsapp.net","xp":10,"level":1},{"jid":"6285559240360@s.whatsapp.net","xp":129,"level":1},{"jid":"6283153448697@s.whatsapp.net","xp":32,"level":1},{"jid":"6283144755062@s.whatsapp.net","xp":206,"level":1},{"jid":"6285700123669@s.whatsapp.net","xp":2,"level":1},{"jid":"6282233046766@s.whatsapp.net","xp":5,"level":1},{"jid":"6281913948958@s.whatsapp.net","xp":26,"level":1},{"jid":"6281252952362@s.whatsapp.net","xp":9,"level":1},{"jid":"6281261664016@s.whatsapp.net","xp":5,"level":1},{"jid":"60167954171@s.whatsapp.net","xp":4,"level":1},{"jid":"6281351819681@s.whatsapp.net","xp":10,"level":1},{"jid":"6289507820152@s.whatsapp.net","xp":19,"level":1},{"jid":"6289646700438@s.whatsapp.net","xp":2,"level":1},{"jid":"6283148084182@s.whatsapp.net","xp":3,"level":1},{"jid":"6287821623289@s.whatsapp.net","xp":105,"level":1},{"jid":"19709000331@s.whatsapp.net","xp":62,"level":1},{"jid":"6288216157031@s.whatsapp.net","xp":6,"level":1},{"jid":"6282116821542@s.whatsapp.net","xp":143,"level":1},{"jid":"6285293654092@s.whatsapp.net","xp":10,"level":1},{"jid":"6289502842758@s.whatsapp.net","xp":5,"level":1},{"jid":"62895336109020@s.whatsapp.net","xp":15,"level":1},{"jid":"6282133460547@s.whatsapp.net","xp":8,"level":1},{"jid":"628990911211@s.whatsapp.net","xp":26,"level":1},{"jid":"6285659553847@s.whatsapp.net","xp":20,"level":1},{"jid":"6283122345218@s.whatsapp.net","xp":6,"level":1},{"jid":"6288215265458@s.whatsapp.net","xp":65,"level":1},{"jid":"6289514942829@s.whatsapp.net","xp":9,"level":1},{"jid":"62895422965388@s.whatsapp.net","xp":104,"level":1},{"jid":"6285641129684@s.whatsapp.net","xp":2,"level":1},{"jid":"6285795096204@s.whatsapp.net","xp":39,"level":1},{"jid":"62895353408899@s.whatsapp.net","xp":6,"level":1},{"jid":"628553239174@s.whatsapp.net","xp":4,"level":1},{"jid":"62895703069811@s.whatsapp.net","xp":10,"level":1},{"jid":"6281271788259@s.whatsapp.net","xp":20,"level":1},{"jid":"6285348667536@s.whatsapp.net","xp":16,"level":1},{"jid":"62895386497475@s.whatsapp.net","xp":20,"level":1},{"jid":"62823864778551@s.whatsapp.net","xp":44,"level":1},{"jid":"6285876052356@s.whatsapp.net","xp":41,"level":1},{"jid":"6289613022069@s.whatsapp.net","xp":8,"level":1},{"jid":"6285386639707@s.whatsapp.net","xp":19,"level":1},{"jid":"6289623701133@s.whatsapp.net","xp":33,"level":1},{"jid":"6281253276726@s.whatsapp.net","xp":24,"level":1},{"jid":"6282223014661@s.whatsapp.net","xp":4,"level":1},{"jid":"6285743448466@s.whatsapp.net","xp":41,"level":1},{"jid":"6289518020117@s.whatsapp.net","xp":21,"level":1},{"jid":"6283814941972@s.whatsapp.net","xp":6,"level":1},{"jid":"6289608322556@s.whatsapp.net","xp":27,"level":1},{"jid":"628889105518@s.whatsapp.net","xp":5,"level":1},{"jid":"17793039369@s.whatsapp.net","xp":19,"level":1},{"jid":"6283851902588@s.whatsapp.net","xp":181,"level":1},{"jid":"628816344806@s.whatsapp.net","xp":9,"level":1},{"jid":"6282332037571@s.whatsapp.net","xp":17,"level":1},{"jid":"6285242683053@s.whatsapp.net","xp":21,"level":1},{"jid":"6281515874128@s.whatsapp.net","xp":11,"level":1},{"jid":"6281250003457@s.whatsapp.net","xp":7,"level":1},{"jid":"6285705942085@s.whatsapp.net","xp":4,"level":1},{"jid":"628885093357@s.whatsapp.net","xp":9,"level":1},{"jid":"919727185962@s.whatsapp.net","xp":5,"level":1},{"jid":"6289525883522@s.whatsapp.net","xp":3,"level":1},{"jid":"6285747479082@s.whatsapp.net","xp":610,"level":1},{"jid":"6282372324441@s.whatsapp.net","xp":370,"level":1},{"jid":"6288260350121@s.whatsapp.net","xp":13,"level":1},{"jid":"6282116891024@s.whatsapp.net","xp":121,"level":1},{"jid":"6285315571674@s.whatsapp.net","xp":86,"level":1},{"jid":"6283182210159@s.whatsapp.net","xp":68,"level":1},{"jid":"6283853004801@s.whatsapp.net","xp":999,"level":1},{"jid":"6287736702685@s.whatsapp.net","xp":859,"level":1},{"jid":"6289616685498@s.whatsapp.net","xp":17,"level":1},{"jid":"6281217000717@s.whatsapp.net","xp":8,"level":1},{"jid":"6283102650464@s.whatsapp.net","xp":1423,"level":1},{"jid":"6289513964238@s.whatsapp.net","xp":8,"level":1},{"jid":"6289649480997@s.whatsapp.net","xp":1444,"level":1},{"jid":"919744282016@s.whatsapp.net","xp":10,"level":1},{"jid":"6282334297175@s.whatsapp.net","xp":1978,"level":1},{"jid":"6288801567776@s.whatsapp.net","xp":5,"level":1},{"jid":"6285157661229@s.whatsapp.net","xp":368,"level":1},{"jid":"62895622416170@s.whatsapp.net","xp":168,"level":1},{"jid":"6282326138144@s.whatsapp.net","xp":47,"level":1},{"jid":"6282326090809@s.whatsapp.net","xp":73,"level":1},{"jid":"6285904374463@s.whatsapp.net","xp":17,"level":1},{"jid":"919920135255@s.whatsapp.net","xp":28,"level":1},{"jid":"6282134987747@s.whatsapp.net","xp":136,"level":1},{"jid":"628993124998@s.whatsapp.net","xp":11,"level":1},{"jid":"6283890100362@s.whatsapp.net","xp":84,"level":1},{"jid":"6285875281539@s.whatsapp.net","xp":17,"level":1},{"jid":"6282165260138@s.whatsapp.net","xp":4,"level":1},{"jid":"6281389943338@s.whatsapp.net","xp":69,"level":1},{"jid":"6282259527011@s.whatsapp.net","xp":76,"level":1},{"jid":"6289678437157@s.whatsapp.net","xp":307,"level":1},{"jid":"6281615901727@s.whatsapp.net","xp":2596,"level":1},{"jid":"62895321046065@s.whatsapp.net","xp":7,"level":1},{"jid":"6285839347826@s.whatsapp.net","xp":143,"level":1},{"jid":"6283893218033@s.whatsapp.net","xp":63,"level":1},{"jid":"6282190822302@s.whatsapp.net","xp":72,"level":1},{"jid":"6281632138901@s.whatsapp.net","xp":44,"level":1},{"jid":"6281319297338@s.whatsapp.net","xp":6,"level":1},{"jid":"6287724880504@s.whatsapp.net","xp":61,"level":1},{"jid":"6282116827246@s.whatsapp.net","xp":62,"level":1},{"jid":"6282131000143@s.whatsapp.net","xp":871,"level":1},{"jid":"6287821505382@s.whatsapp.net","xp":375,"level":1},{"jid":"6283140367172@s.whatsapp.net","xp":18,"level":1},{"jid":"6288215738331@s.whatsapp.net","xp":349,"level":1},{"jid":"6287877095061@s.whatsapp.net","xp":24,"level":1},{"jid":"6282334662574@s.whatsapp.net","xp":5,"level":1},{"jid":"6283152488835@s.whatsapp.net","xp":34,"level":1},{"jid":"6281999988530@s.whatsapp.net","xp":172,"level":1},{"jid":"6285890167779@s.whatsapp.net","xp":372,"level":1},{"jid":"6285693249611@s.whatsapp.net","xp":3,"level":1},{"jid":"62895110091967@s.whatsapp.net","xp":41,"level":1},{"jid":"6285234065668@s.whatsapp.net","xp":19,"level":1},{"jid":"6281378676177@s.whatsapp.net","xp":101,"level":1},{"jid":"6285624893448@s.whatsapp.net","xp":34,"level":1},{"jid":"6285772977350@s.whatsapp.net","xp":45,"level":1},{"jid":"6289630898630@s.whatsapp.net","xp":6,"level":1},{"jid":"6281320061996@s.whatsapp.net","xp":3,"level":1},{"jid":"62895701275670@s.whatsapp.net","xp":26,"level":1},{"jid":"6288742689173@s.whatsapp.net","xp":21,"level":1},{"jid":"6285220816737@s.whatsapp.net","xp":41,"level":1},{"jid":"628989210843@s.whatsapp.net","xp":116,"level":1},{"jid":"6285233236672@s.whatsapp.net","xp":27,"level":1},{"jid":"6285232176093@s.whatsapp.net","xp":90,"level":1},{"jid":"62814622392081@s.whatsapp.net","xp":78,"level":1},{"jid":"6282247357844@s.whatsapp.net","xp":7,"level":1},{"jid":"6285767857591@s.whatsapp.net","xp":6,"level":1},{"jid":"6281283298509@s.whatsapp.net","xp":2,"level":1},{"jid":"6285765099381@s.whatsapp.net","xp":6,"level":1},{"jid":"6281284753410@s.whatsapp.net","xp":32,"level":1},{"jid":"6287814691080@s.whatsapp.net","xp":227,"level":1},{"jid":"6289515902666@s.whatsapp.net","xp":143,"level":1},{"jid":"6282292427468@s.whatsapp.net","xp":3,"level":1},{"jid":"6281919178226@s.whatsapp.net","xp":226,"level":1},{"jid":"6288290272656@s.whatsapp.net","xp":91,"level":1},{"jid":"6285235765557@s.whatsapp.net","xp":25,"level":1},{"jid":"6285777064675@s.whatsapp.net","xp":18,"level":1},{"jid":"6281278541550@s.whatsapp.net","xp":107,"level":1},{"jid":"6283187817379@s.whatsapp.net","xp":84,"level":1},{"jid":"6282228633973@s.whatsapp.net","xp":30,"level":1},{"jid":"6289610926441@s.whatsapp.net","xp":21,"level":1},{"jid":"6282158931248@s.whatsapp.net","xp":4,"level":1},{"jid":"6285823652687@s.whatsapp.net","xp":62,"level":1},{"jid":"6289522106108@s.whatsapp.net","xp":4,"level":1},{"jid":"6281271459711@s.whatsapp.net","xp":3,"level":1},{"jid":"6289526466247@s.whatsapp.net","xp":92,"level":1},{"jid":"919615325847@s.whatsapp.net","xp":2,"level":1},{"jid":"6281229543213@s.whatsapp.net","xp":21,"level":1},{"jid":"6287742780448@s.whatsapp.net","xp":149,"level":1},{"jid":"6285892617458@s.whatsapp.net","xp":232,"level":1},{"jid":"6285864556154@s.whatsapp.net","xp":3,"level":1},{"jid":"6283169407799@s.whatsapp.net","xp":39,"level":1},{"jid":"62895321147771@s.whatsapp.net","xp":43,"level":1},{"jid":"6281286080863@s.whatsapp.net","xp":27,"level":1},{"jid":"601153338091@s.whatsapp.net","xp":4,"level":1},{"jid":"6281227469047@s.whatsapp.net","xp":12,"level":1},{"jid":"6285803127381@s.whatsapp.net","xp":28,"level":1},{"jid":"6283870417865@s.whatsapp.net","xp":6,"level":1},{"jid":"6285355499568@s.whatsapp.net","xp":10,"level":1},{"jid":"62895608190030@s.whatsapp.net","xp":13,"level":1},{"jid":"19104778777@s.whatsapp.net","xp":180,"level":1},{"jid":"6285839188667@s.whatsapp.net","xp":21,"level":1},{"jid":"6289509938750@s.whatsapp.net","xp":103,"level":1},{"jid":"628886040001@s.whatsapp.net","xp":5,"level":1},{"jid":"6282283456523@s.whatsapp.net","xp":248,"level":1},{"jid":"6285855263991@s.whatsapp.net","xp":5,"level":1},{"jid":"6283143567930@s.whatsapp.net","xp":55,"level":1},{"jid":"6287781057548@s.whatsapp.net","xp":63,"level":1},{"jid":"18774173458@s.whatsapp.net","xp":248,"level":1},{"jid":"6283896147683@s.whatsapp.net","xp":383,"level":1},{"jid":"6285803650683@s.whatsapp.net","xp":18,"level":1},{"jid":"6281235786184@s.whatsapp.net","xp":635,"level":1},{"jid":"6285821433579@s.whatsapp.net","xp":51,"level":1},{"jid":"6285755375996@s.whatsapp.net","xp":656,"level":1},{"jid":"6281365596834@s.whatsapp.net","xp":612,"level":1},{"jid":"6285256462264@s.whatsapp.net","xp":17,"level":1},{"jid":"6289630757910@s.whatsapp.net","xp":29,"level":1},{"jid":"6287722709327@s.whatsapp.net","xp":211,"level":1},{"jid":"6285591654034@s.whatsapp.net","xp":84,"level":1},{"jid":"60187848971@s.whatsapp.net","xp":213,"level":1},{"jid":"6289698876777@s.whatsapp.net","xp":923,"level":1},{"jid":"6281327357790@s.whatsapp.net","xp":16,"level":1},{"jid":"6283142498604@s.whatsapp.net","xp":17,"level":1},{"jid":"6282278560310@s.whatsapp.net","xp":132,"level":1},{"jid":"62895331094162@s.whatsapp.net","xp":158,"level":1},{"jid":"6281225093647@s.whatsapp.net","xp":15,"level":1},{"jid":"6282351659690@s.whatsapp.net","xp":19,"level":1},{"jid":"6288213587968@s.whatsapp.net","xp":65,"level":1},{"jid":"62895710990202@s.whatsapp.net","xp":119,"level":1},{"jid":"6285718084553@s.whatsapp.net","xp":101,"level":1},{"jid":"6282146881581@s.whatsapp.net","xp":81,"level":1},{"jid":"6283150534902@s.whatsapp.net","xp":1770,"level":1},{"jid":"6281335313497@s.whatsapp.net","xp":2,"level":1},{"jid":"6283844623160@s.whatsapp.net","xp":106,"level":1},{"jid":"6285242729919@s.whatsapp.net","xp":111,"level":1},{"jid":"6288808265541@s.whatsapp.net","xp":3,"level":1},{"jid":"6282164727331@s.whatsapp.net","xp":9,"level":1},{"jid":"62895610025866@s.whatsapp.net","xp":6,"level":1},{"jid":"6285156456036@s.whatsapp.net","xp":327,"level":1},{"jid":"6285713747042@s.whatsapp.net","xp":30,"level":1},{"jid":"6283816113178@s.whatsapp.net","xp":21,"level":1},{"jid":"6282113999469@s.whatsapp.net","xp":17,"level":1},{"jid":"6285768966412@s.whatsapp.net","xp":71,"level":1},{"jid":"6287716068937@s.whatsapp.net","xp":32,"level":1},{"jid":"6285255170981@s.whatsapp.net","xp":68,"level":1},{"jid":"6282247141981@s.whatsapp.net","xp":3,"level":1},{"jid":"6285766853909@s.whatsapp.net","xp":57,"level":1},{"jid":"6281236478577@s.whatsapp.net","xp":24,"level":1},{"jid":"62895384100776@s.whatsapp.net","xp":22,"level":1},{"jid":"62881024716977@s.whatsapp.net","xp":6,"level":1},{"jid":"6282286255026@s.whatsapp.net","xp":52,"level":1},{"jid":"6281268585315@s.whatsapp.net","xp":10,"level":1},{"jid":"6281958326792@s.whatsapp.net","xp":22,"level":1},{"jid":"6289693338967@s.whatsapp.net","xp":24,"level":1},{"jid":"62895630992683@s.whatsapp.net","xp":29,"level":1},{"jid":"6282110901083@s.whatsapp.net","xp":3,"level":1},{"jid":"6282391076152@s.whatsapp.net","xp":23,"level":1},{"jid":"6281231266299@s.whatsapp.net","xp":17,"level":1},{"jid":"6285751543641@s.whatsapp.net","xp":9,"level":1},{"jid":"628974816445@s.whatsapp.net","xp":328,"level":1},{"jid":"6288215422934@s.whatsapp.net","xp":3,"level":1},{"jid":"6289690855106@s.whatsapp.net","xp":24,"level":1},{"jid":"6281359258981@s.whatsapp.net","xp":20,"level":1},{"jid":"6288245307274@s.whatsapp.net","xp":28,"level":1},{"jid":"6285246426889@s.whatsapp.net","xp":21,"level":1},{"jid":"6285879453803@s.whatsapp.net","xp":5,"level":1},{"jid":"628882286794@s.whatsapp.net","xp":141,"level":1},{"jid":"60138501458@s.whatsapp.net","xp":4,"level":1},{"jid":"628884129594@s.whatsapp.net","xp":12,"level":1},{"jid":"6283150096808@s.whatsapp.net","xp":4,"level":1},{"jid":"6283891920330@s.whatsapp.net","xp":46,"level":1},{"jid":"12542123926@s.whatsapp.net","xp":62,"level":1},{"jid":"6289507483868@s.whatsapp.net","xp":233,"level":1},{"jid":"6287813107837@s.whatsapp.net","xp":668,"level":1},{"jid":"628882130761@s.whatsapp.net","xp":11,"level":1},{"jid":"6282269473724@s.whatsapp.net","xp":7,"level":1},{"jid":"62895365530199@s.whatsapp.net","xp":61,"level":1},{"jid":"6285832386985@s.whatsapp.net","xp":2,"level":1},{"jid":"6285156894702@s.whatsapp.net","xp":445,"level":1},{"jid":"6281396415271@s.whatsapp.net","xp":9,"level":1},{"jid":"601125755359@s.whatsapp.net","xp":9,"level":1},{"jid":"6289517818406@s.whatsapp.net","xp":19,"level":1},{"jid":"6282283313232@s.whatsapp.net","xp":4,"level":1},{"jid":"6289527064412@s.whatsapp.net","xp":129,"level":1},{"jid":"6285156347989@s.whatsapp.net","xp":47,"level":1},{"jid":"6281342216378@s.whatsapp.net","xp":5,"level":1},{"jid":"6281290014858@s.whatsapp.net","xp":20,"level":1},{"jid":"6282247285124@s.whatsapp.net","xp":10,"level":1},{"jid":"62895392694903@s.whatsapp.net","xp":6,"level":1},{"jid":"6285893688431@s.whatsapp.net","xp":5,"level":1},{"jid":"6281397767558@s.whatsapp.net","xp":57,"level":1},{"jid":"62895391338529@s.whatsapp.net","xp":5,"level":1},{"jid":"6281359178305@s.whatsapp.net","xp":30,"level":1},{"jid":"12014944263@s.whatsapp.net","xp":36,"level":1},{"jid":"6285211257135@s.whatsapp.net","xp":26,"level":1},{"jid":"6289689134424@s.whatsapp.net","xp":678,"level":1},{"jid":"6287845283218@s.whatsapp.net","xp":468,"level":1},{"jid":"628115700045@s.whatsapp.net","xp":2,"level":1},{"jid":"6289693744690@s.whatsapp.net","xp":522,"level":1},{"jid":"6281253386218@s.whatsapp.net","xp":528,"level":1},{"jid":"994407188549@s.whatsapp.net","xp":7,"level":1},{"jid":"6281241468934@s.whatsapp.net","xp":10,"level":1},{"jid":"6281254638288@s.whatsapp.net","xp":58,"level":1},{"jid":"6289697581271@s.whatsapp.net","xp":6,"level":1},{"jid":"6285337624383@s.whatsapp.net","xp":18,"level":1},{"jid":"6285275025433@s.whatsapp.net","xp":25,"level":1},{"jid":"6288299478773@s.whatsapp.net","xp":48,"level":1},{"jid":"6281325464867@s.whatsapp.net","xp":4,"level":1},{"jid":"6285253676501@s.whatsapp.net","xp":4,"level":1},{"jid":"6281331913791@s.whatsapp.net","xp":20,"level":1},{"jid":"6289515576937@s.whatsapp.net","xp":7,"level":1},{"jid":"62853649370060@s.whatsapp.net","xp":29,"level":1},{"jid":"62895609722485@s.whatsapp.net","xp":21,"level":1},{"jid":"6282151078558@s.whatsapp.net","xp":9,"level":1},{"jid":"6282150596416@s.whatsapp.net","xp":30,"level":1},{"jid":"6283142280042@s.whatsapp.net","xp":22,"level":1},{"jid":"6285732936903@s.whatsapp.net","xp":55,"level":1},{"jid":"6281283463142@s.whatsapp.net","xp":136,"level":1},{"jid":"6283179151299@s.whatsapp.net","xp":4,"level":1},{"jid":"6283867509775@s.whatsapp.net","xp":18,"level":1},{"jid":"6287819962953@s.whatsapp.net","xp":455,"level":1},{"jid":"6282150864580@s.whatsapp.net","xp":7,"level":1},{"jid":"6285753424217@s.whatsapp.net","xp":1003,"level":1},{"jid":"6283129120853@s.whatsapp.net","xp":24,"level":1},{"jid":"6281395908381@s.whatsapp.net","xp":408,"level":1},{"jid":"6289649615892@s.whatsapp.net","xp":17,"level":1},{"jid":"6288235234163@s.whatsapp.net","xp":24,"level":1},{"jid":"6282113064829@s.whatsapp.net","xp":53,"level":1},{"jid":"6289510602251@s.whatsapp.net","xp":54,"level":1},{"jid":"6281251664043@s.whatsapp.net","xp":54,"level":1},{"jid":"6281222832809@s.whatsapp.net","xp":161,"level":1},{"jid":"62887435427063@s.whatsapp.net","xp":12,"level":1},{"jid":"6285264925738@s.whatsapp.net","xp":3,"level":1},{"jid":"628872345158@s.whatsapp.net","xp":8,"level":1},{"jid":"6285210567460@s.whatsapp.net","xp":326,"level":1},{"jid":"6282139681033@s.whatsapp.net","xp":76,"level":1},{"jid":"6287855259030@s.whatsapp.net","xp":76,"level":1},{"jid":"6287803462578@s.whatsapp.net","xp":24,"level":1},{"jid":"6287769120509@s.whatsapp.net","xp":363,"level":1},{"jid":"62859159855563@s.whatsapp.net","xp":3,"level":1},{"jid":"6289506252902@s.whatsapp.net","xp":72,"level":1},{"jid":"6281292904306@s.whatsapp.net","xp":8,"level":1},{"jid":"6283152753417@s.whatsapp.net","xp":269,"level":1},{"jid":"6281998306621@s.whatsapp.net","xp":12,"level":1},{"jid":"6282384466381@s.whatsapp.net","xp":36,"level":1},{"jid":"6289629348884@s.whatsapp.net","xp":29,"level":1},{"jid":"6282390229012@s.whatsapp.net","xp":9,"level":1},{"jid":"6281292834748@s.whatsapp.net","xp":272,"level":1},{"jid":"6282130275731@s.whatsapp.net","xp":24,"level":1},{"jid":"6285664904501@s.whatsapp.net","xp":3,"level":1},{"jid":"6282278428637@s.whatsapp.net","xp":9,"level":1},{"jid":"6288228314629@s.whatsapp.net","xp":7,"level":1},{"jid":"6289653807706@s.whatsapp.net","xp":4,"level":1},{"jid":"6283176270113@s.whatsapp.net","xp":117,"level":1},{"jid":"628979682775@s.whatsapp.net","xp":2,"level":1},{"jid":"6283804138387@s.whatsapp.net","xp":4,"level":1},{"jid":"6285259152463@s.whatsapp.net","xp":5,"level":1},{"jid":"6281220951879@s.whatsapp.net","xp":3014,"level":1},{"jid":"6287888707011@s.whatsapp.net","xp":12,"level":1},{"jid":"","xp":18,"level":1},{"jid":"12134711770@s.whatsapp.net","xp":11,"level":1},{"jid":"994406917518@s.whatsapp.net","xp":36,"level":1},{"jid":"6285782271885@s.whatsapp.net","xp":61,"level":1},{"jid":"628815597226@s.whatsapp.net","xp":5,"level":1},{"jid":"6283120092945@s.whatsapp.net","xp":5,"level":1},{"jid":"6283159310440@s.whatsapp.net","xp":19,"level":1},{"jid":"6283189984092@s.whatsapp.net","xp":1428,"level":1},{"jid":"6287878773257@s.whatsapp.net","xp":258,"level":1},{"jid":"6285869080563@s.whatsapp.net","xp":37,"level":1},{"jid":"6289514341694@s.whatsapp.net","xp":2,"level":1},{"jid":"6282163780008@s.whatsapp.net","xp":422,"level":1},{"jid":"6282268427160@s.whatsapp.net","xp":35,"level":1},{"jid":"62895321017862@s.whatsapp.net","xp":7,"level":1},{"jid":"6283150035890@s.whatsapp.net","xp":14,"level":1},{"jid":"6282187141052@s.whatsapp.net","xp":291,"level":1},{"jid":"6287783249480@s.whatsapp.net","xp":78,"level":1},{"jid":"6281649312695@s.whatsapp.net","xp":42,"level":1},{"jid":"6282292744714@s.whatsapp.net","xp":450,"level":1},{"jid":"6285717026352@s.whatsapp.net","xp":216,"level":1},{"jid":"6285741780497@s.whatsapp.net","xp":48,"level":1},{"jid":"6281368235618@s.whatsapp.net","xp":5,"level":1},{"jid":"6288224262287@s.whatsapp.net","xp":77,"level":1},{"jid":"6289692036385@s.whatsapp.net","xp":21,"level":1},{"jid":"6282121594992@s.whatsapp.net","xp":74,"level":1},{"jid":"6285256974112@s.whatsapp.net","xp":36,"level":1},{"jid":"6283152705101@s.whatsapp.net","xp":92,"level":1},{"jid":"6287712413307@s.whatsapp.net","xp":914,"level":1},{"jid":"6289508346470@s.whatsapp.net","xp":5,"level":1},{"jid":"6288218347768@s.whatsapp.net","xp":6,"level":1},{"jid":"6285867274453@s.whatsapp.net","xp":135,"level":1},{"jid":"6282137267074@s.whatsapp.net","xp":48,"level":1},{"jid":"6281254679326@s.whatsapp.net","xp":1617,"level":1},{"jid":"6282336446370@s.whatsapp.net","xp":110,"level":1},{"jid":"6281289659306@s.whatsapp.net","xp":524,"level":1},{"jid":"6281225395730@s.whatsapp.net","xp":81,"level":1},{"jid":"6282265419387@s.whatsapp.net","xp":5,"level":1},{"jid":"6285730343064@s.whatsapp.net","xp":409,"level":1},{"jid":"62895377004703@s.whatsapp.net","xp":17,"level":1},{"jid":"6285271588044@s.whatsapp.net","xp":78,"level":1},{"jid":"6285787750231@s.whatsapp.net","xp":40,"level":1},{"jid":"6281292971490@s.whatsapp.net","xp":366,"level":1},{"jid":"62895335785373@s.whatsapp.net","xp":906,"level":1},{"jid":"6287888040157@s.whatsapp.net","xp":4,"level":1},{"jid":"6288267071806@s.whatsapp.net","xp":12,"level":1},{"jid":"6282331314839@s.whatsapp.net","xp":38,"level":1},{"jid":"60163978490@s.whatsapp.net","xp":515,"level":1},{"jid":"6282349107743@s.whatsapp.net","xp":286,"level":1},{"jid":"6283831745506@s.whatsapp.net","xp":3,"level":1},{"jid":"6281290264256@s.whatsapp.net","xp":56,"level":1},{"jid":"18485653174@s.whatsapp.net","xp":119,"level":1},{"jid":"6281223818994@s.whatsapp.net","xp":4,"level":1},{"jid":"62895612333614@s.whatsapp.net","xp":12,"level":1},{"jid":"6289681860129@s.whatsapp.net","xp":78,"level":1},{"jid":"6281391355894@s.whatsapp.net","xp":152,"level":1},{"jid":"6281341756928@s.whatsapp.net","xp":100,"level":1},{"jid":"6287743285558@s.whatsapp.net","xp":21,"level":1},{"jid":"6285523781140@s.whatsapp.net","xp":3,"level":1},{"jid":"6282211177020@s.whatsapp.net","xp":55,"level":1},{"jid":"6282137750982@s.whatsapp.net","xp":12,"level":1},{"jid":"6282351790900@s.whatsapp.net","xp":6,"level":1},{"jid":"6282284803349@s.whatsapp.net","xp":60,"level":1},{"jid":"62895335480701@s.whatsapp.net","xp":9,"level":1},{"jid":"6289635565781@s.whatsapp.net","xp":105,"level":1},{"jid":"6283862189439@s.whatsapp.net","xp":72,"level":1},{"jid":"6283805221431@s.whatsapp.net","xp":45,"level":1},{"jid":"6287854955390@s.whatsapp.net","xp":62,"level":1},{"jid":"6282236500813@s.whatsapp.net","xp":5,"level":1},{"jid":"6281377444530@s.whatsapp.net","xp":5,"level":1},{"jid":"62895429692277@s.whatsapp.net","xp":4,"level":1},{"jid":"6287873915868@s.whatsapp.net","xp":16,"level":1},{"jid":"6285713076727@s.whatsapp.net","xp":75,"level":1},{"jid":"6285719617777@s.whatsapp.net","xp":9,"level":1},{"jid":"6289629614932@s.whatsapp.net","xp":103,"level":1},{"jid":"6282272849146@s.whatsapp.net","xp":6,"level":1},{"jid":"6281351231081@s.whatsapp.net","xp":516,"level":1},{"jid":"6282251196948@s.whatsapp.net","xp":8,"level":1},{"jid":"6289510296714@s.whatsapp.net","xp":3,"level":1},{"jid":"6282251414841@s.whatsapp.net","xp":123,"level":1},{"jid":"6283126053086@s.whatsapp.net","xp":4,"level":1},{"jid":"6282252163281@s.whatsapp.net","xp":22,"level":1},{"jid":"6285524654198@s.whatsapp.net","xp":6,"level":1},{"jid":"60173250120@s.whatsapp.net","xp":24,"level":1},{"jid":"6285724866057@s.whatsapp.net","xp":98,"level":1},{"jid":"6283170762387@s.whatsapp.net","xp":38,"level":1},{"jid":"6288291753722@s.whatsapp.net","xp":9,"level":1},{"jid":"6281915163215@s.whatsapp.net","xp":117,"level":1},{"jid":"6289657710126@s.whatsapp.net","xp":9,"level":1},{"jid":"6289661904435@s.whatsapp.net","xp":6,"level":1},{"jid":"6285339439047@s.whatsapp.net","xp":1783,"level":1},{"jid":"628975596899@s.whatsapp.net","xp":6,"level":1},{"jid":"62895636743242@s.whatsapp.net","xp":2,"level":1},{"jid":"6287830272776@s.whatsapp.net","xp":7,"level":1},{"jid":"6289519454579@s.whatsapp.net","xp":10,"level":1},{"jid":"6285752850826@s.whatsapp.net","xp":6,"level":1},{"jid":"6281383417750@s.whatsapp.net","xp":4,"level":1},{"jid":"18135960408@s.whatsapp.net","xp":373,"level":1},{"jid":"6285933822810@s.whatsapp.net","xp":9,"level":1},{"jid":"6282285212781@s.whatsapp.net","xp":21,"level":1},{"jid":"6285692717384@s.whatsapp.net","xp":3,"level":1},{"jid":"628986460841@s.whatsapp.net","xp":8,"level":1},{"jid":"6289601053586@s.whatsapp.net","xp":15,"level":1},{"jid":"6287755912444@s.whatsapp.net","xp":62,"level":1},{"jid":"6282293934985@s.whatsapp.net","xp":7,"level":1},{"jid":"6283850948355@s.whatsapp.net","xp":196,"level":1},{"jid":"6283172262423@s.whatsapp.net","xp":19,"level":1},{"jid":"6288261803413@s.whatsapp.net","xp":68,"level":1},{"jid":"6282123499844@s.whatsapp.net","xp":73,"level":1},{"jid":"6281367378136@s.whatsapp.net","xp":23,"level":1},{"jid":"6282230824787@s.whatsapp.net","xp":32,"level":1},{"jid":"62895388492727@s.whatsapp.net","xp":57,"level":1},{"jid":"6287880681218@s.whatsapp.net","xp":45,"level":1},{"jid":"6282155193789@s.whatsapp.net","xp":19,"level":1},{"jid":"6288297491925@s.whatsapp.net","xp":31,"level":1},{"jid":"6282243209805@s.whatsapp.net","xp":6,"level":1},{"jid":"628814762364@s.whatsapp.net","xp":8,"level":1},{"jid":"6285797722001@s.whatsapp.net","xp":27,"level":1},{"jid":"62895383042209@s.whatsapp.net","xp":31,"level":1},{"jid":"6289674053849@s.whatsapp.net","xp":36,"level":1},{"jid":"6282283126925@s.whatsapp.net","xp":23,"level":1},{"jid":"6282182013842@s.whatsapp.net","xp":7,"level":1},{"jid":"62895322370653@s.whatsapp.net","xp":180,"level":1},{"jid":"6285812431018@s.whatsapp.net","xp":15,"level":1},{"jid":"6287782427007@s.whatsapp.net","xp":7,"level":1},{"jid":"6285893388099@s.whatsapp.net","xp":79,"level":1},{"jid":"6287722207822@s.whatsapp.net","xp":47,"level":1},{"jid":"6283150834080@s.whatsapp.net","xp":251,"level":1},{"jid":"6282116504737@s.whatsapp.net","xp":4,"level":1},{"jid":"6285669111186@s.whatsapp.net","xp":19,"level":1},{"jid":"6289504652029@s.whatsapp.net","xp":2,"level":1},{"jid":"6281284990052@s.whatsapp.net","xp":120,"level":1},{"jid":"6281226474520@s.whatsapp.net","xp":23,"level":1},{"jid":"6281907847375@s.whatsapp.net","xp":4,"level":1},{"jid":"6281291331274@s.whatsapp.net","xp":54,"level":1},{"jid":"6289653673167@s.whatsapp.net","xp":28,"level":1},{"jid":"6285214974011@s.whatsapp.net","xp":179,"level":1},{"jid":"6285338694340@s.whatsapp.net","xp":40,"level":1},{"jid":"62895421854398@s.whatsapp.net","xp":84,"level":1},{"jid":"994406759740@s.whatsapp.net","xp":223,"level":1},{"jid":"6282172875141@s.whatsapp.net","xp":59,"level":1},{"jid":"628871345126@s.whatsapp.net","xp":3,"level":1},{"jid":"6282127673022@s.whatsapp.net","xp":433,"level":1},{"jid":"6281215299062@s.whatsapp.net","xp":2,"level":1},{"jid":"6289524916171@s.whatsapp.net","xp":374,"level":1},{"jid":"62895328768282@s.whatsapp.net","xp":7,"level":1},{"jid":"6287832230085@s.whatsapp.net","xp":216,"level":1},{"jid":"6285857925069@s.whatsapp.net","xp":434,"level":1},{"jid":"6289686945035@s.whatsapp.net","xp":218,"level":1},{"jid":"6285871619138@s.whatsapp.net","xp":2,"level":1},{"jid":"6289677763976@s.whatsapp.net","xp":9,"level":1},{"jid":"6285959375675@s.whatsapp.net","xp":40,"level":1},{"jid":"6285733137431@s.whatsapp.net","xp":4,"level":1},{"jid":"6281351848546@s.whatsapp.net","xp":3,"level":1},{"jid":"6285335639182@s.whatsapp.net","xp":373,"level":1},{"jid":"6283818305687@s.whatsapp.net","xp":130,"level":1},{"jid":"628983894004@s.whatsapp.net","xp":323,"level":1},{"jid":"6287867297890@s.whatsapp.net","xp":10,"level":1},{"jid":"6285273128647@s.whatsapp.net","xp":55,"level":1},{"jid":"6282119431722@s.whatsapp.net","xp":87,"level":1},{"jid":"6283184649489@s.whatsapp.net","xp":326,"level":1},{"jid":"6289647137002@s.whatsapp.net","xp":2629,"level":1},{"jid":"6285709520700@s.whatsapp.net","xp":99,"level":1},{"jid":"6282150029345@s.whatsapp.net","xp":5,"level":1},{"jid":"62895338275686@s.whatsapp.net","xp":764,"level":1},{"jid":"6282152866630@s.whatsapp.net","xp":59,"level":1},{"jid":"6281326874095@s.whatsapp.net","xp":18,"level":1},{"jid":"6289529128137@s.whatsapp.net","xp":25,"level":1},{"jid":"6285719344609@s.whatsapp.net","xp":47,"level":1},{"jid":"62895379292178@s.whatsapp.net","xp":6,"level":1},{"jid":"6287701336881@s.whatsapp.net","xp":6,"level":1},{"jid":"6285158410062@s.whatsapp.net","xp":708,"level":1},{"jid":"6285895421593@s.whatsapp.net","xp":3,"level":1},{"jid":"6285733885990@s.whatsapp.net","xp":21,"level":1},{"jid":"6285648264681@s.whatsapp.net","xp":55,"level":1},{"jid":"6287823301714@s.whatsapp.net","xp":6,"level":1},{"jid":"6289668119368@s.whatsapp.net","xp":19,"level":1},{"jid":"6288239430315@s.whatsapp.net","xp":145,"level":1},{"jid":"62895249161710@s.whatsapp.net","xp":372,"level":1},{"jid":"6285716260737@s.whatsapp.net","xp":6,"level":1},{"jid":"6282265118646@s.whatsapp.net","xp":101,"level":1},{"jid":"6285852015039@s.whatsapp.net","xp":260,"level":1},{"jid":"6283182855499@s.whatsapp.net","xp":3,"level":1},{"jid":"6289693753679@s.whatsapp.net","xp":18,"level":1},{"jid":"6281338033968@s.whatsapp.net","xp":7,"level":1},{"jid":"6282121931670@s.whatsapp.net","xp":24,"level":1},{"jid":"6281368646011@s.whatsapp.net","xp":82,"level":1},{"jid":"62895347211445@s.whatsapp.net","xp":21,"level":1},{"jid":"6285339070611@s.whatsapp.net","xp":10,"level":1},{"jid":"628882066886@s.whatsapp.net","xp":66,"level":1},{"jid":"62895700201920@s.whatsapp.net","xp":14,"level":1},{"jid":"6287746993269@s.whatsapp.net","xp":12,"level":1},{"jid":"6289670084532@s.whatsapp.net","xp":3,"level":1},{"jid":"6283185333897@s.whatsapp.net","xp":11,"level":1},{"jid":"6285157885240@s.whatsapp.net","xp":86,"level":1},{"jid":"18122284392@s.whatsapp.net","xp":36,"level":1},{"jid":"60105505341@s.whatsapp.net","xp":14,"level":1},{"jid":"6282393001987@s.whatsapp.net","xp":11,"level":1},{"jid":"6285867185837@s.whatsapp.net","xp":556,"level":1},{"jid":"6287892233079@s.whatsapp.net","xp":6,"level":1},{"jid":"6282358647276@s.whatsapp.net","xp":7,"level":1},{"jid":"14155285587@s.whatsapp.net","xp":80,"level":1},{"jid":"6285641496225@s.whatsapp.net","xp":32,"level":1},{"jid":"6289513512987@s.whatsapp.net","xp":6,"level":1},{"jid":"6281283762592@s.whatsapp.net","xp":22,"level":1},{"jid":"6287785479092@s.whatsapp.net","xp":5,"level":1},{"jid":"6281361592220@s.whatsapp.net","xp":20,"level":1},{"jid":"6285736461843@s.whatsapp.net","xp":3,"level":1},{"jid":"6285810232652@s.whatsapp.net","xp":63,"level":1},{"jid":"6285810134844@s.whatsapp.net","xp":204,"level":1},{"jid":"6282323856912@s.whatsapp.net","xp":16,"level":1},{"jid":"6282115805062@s.whatsapp.net","xp":6,"level":1},{"jid":"6282238700789@s.whatsapp.net","xp":7,"level":1},{"jid":"6283141010614@s.whatsapp.net","xp":40,"level":1},{"jid":"6281324216325@s.whatsapp.net","xp":3,"level":1},{"jid":"6287865444398@s.whatsapp.net","xp":16,"level":1},{"jid":"6282281917822@s.whatsapp.net","xp":31,"level":1},{"jid":"6285267432599@s.whatsapp.net","xp":4,"level":1},{"jid":"628885960825@s.whatsapp.net","xp":228,"level":1},{"jid":"5511997843379@s.whatsapp.net","xp":16,"level":1},{"jid":"6287772312529@s.whatsapp.net","xp":22,"level":1},{"jid":"6283120880134@s.whatsapp.net","xp":357,"level":1},{"jid":"6281312033029@s.whatsapp.net","xp":4,"level":1},{"jid":"6288233189302@s.whatsapp.net","xp":28,"level":1},{"jid":"6285823131581@s.whatsapp.net","xp":231,"level":1},{"jid":"6289618992584@s.whatsapp.net","xp":29,"level":1},{"jid":"6285765990922@s.whatsapp.net","xp":129,"level":1},{"jid":"6287797093016@s.whatsapp.net","xp":56,"level":1},{"jid":"6285692763983@s.whatsapp.net","xp":8,"level":1},{"jid":"6285299165744@s.whatsapp.net","xp":81,"level":1},{"jid":"6285855725531@s.whatsapp.net","xp":125,"level":1},{"jid":"6289513056673@s.whatsapp.net","xp":12,"level":1},{"jid":"6281217821530@s.whatsapp.net","xp":6,"level":1},{"jid":"6282112663502@s.whatsapp.net","xp":25,"level":1},{"jid":"6283844343864@s.whatsapp.net","xp":4,"level":1},{"jid":"6289530738227@s.whatsapp.net","xp":17,"level":1},{"jid":"994406807869@s.whatsapp.net","xp":1610,"level":1},{"jid":"6285238118491@s.whatsapp.net","xp":36,"level":1},{"jid":"601112781825@s.whatsapp.net","xp":86,"level":1},{"jid":"6289523207900@s.whatsapp.net","xp":17,"level":1},{"jid":"6285156571797@s.whatsapp.net","xp":278,"level":1},{"jid":"6285668049145@s.whatsapp.net","xp":10,"level":1},{"jid":"62882009900200@s.whatsapp.net","xp":2,"level":1},{"jid":"6289630267618@s.whatsapp.net","xp":69,"level":1},{"jid":"6282134055540@s.whatsapp.net","xp":34,"level":1},{"jid":"6289671036097@s.whatsapp.net","xp":242,"level":1},{"jid":"6285792987756@s.whatsapp.net","xp":68,"level":1},{"jid":"6287869328086@s.whatsapp.net","xp":5,"level":1},{"jid":"6289636146292@s.whatsapp.net","xp":127,"level":1},{"jid":"62895337903396@s.whatsapp.net","xp":166,"level":1},{"jid":"6289630063756@s.whatsapp.net","xp":313,"level":1},{"jid":"6288229567530@s.whatsapp.net","xp":11,"level":1},{"jid":"6285824465256@s.whatsapp.net","xp":48,"level":1},{"jid":"6282122354463@s.whatsapp.net","xp":350,"level":1},{"jid":"6282194163928@s.whatsapp.net","xp":41,"level":1},{"jid":"6283178139741@s.whatsapp.net","xp":11,"level":1},{"jid":"6287833473082@s.whatsapp.net","xp":11,"level":1},{"jid":"6281332865714@s.whatsapp.net","xp":8,"level":1},{"jid":"6283809636461@s.whatsapp.net","xp":173,"level":1},{"jid":"62895354075599@s.whatsapp.net","xp":288,"level":1},{"jid":"62895331349028@s.whatsapp.net","xp":8,"level":1},{"jid":"6282318281798@s.whatsapp.net","xp":109,"level":1},{"jid":"6285770657618@s.whatsapp.net","xp":299,"level":1},{"jid":"6282399575794@s.whatsapp.net","xp":8,"level":1},{"jid":"18126254035@s.whatsapp.net","xp":4,"level":1},{"jid":"6285326264108@s.whatsapp.net","xp":26,"level":1},{"jid":"6282210735917@s.whatsapp.net","xp":383,"level":1},{"jid":"6283801896046@s.whatsapp.net","xp":59,"level":1},{"jid":"559185012862@s.whatsapp.net","xp":59,"level":1},{"jid":"19292209087@s.whatsapp.net","xp":105,"level":1},{"jid":"6285391188332@s.whatsapp.net","xp":22,"level":1},{"jid":"6289670430516@s.whatsapp.net","xp":60,"level":1},{"jid":"6287701046880@s.whatsapp.net","xp":34,"level":1},{"jid":"6282284314292@s.whatsapp.net","xp":15,"level":1},{"jid":"6288211409250@s.whatsapp.net","xp":4,"level":1},{"jid":"6288264254485@s.whatsapp.net","xp":19,"level":1},{"jid":"6285717778781@s.whatsapp.net","xp":67,"level":1},{"jid":"628889515861@s.whatsapp.net","xp":2,"level":1},{"jid":"6289616018885@s.whatsapp.net","xp":97,"level":1},{"jid":"6283192330324@s.whatsapp.net","xp":67,"level":1},{"jid":"62895807861234@s.whatsapp.net","xp":110,"level":1},{"jid":"6287888549379@s.whatsapp.net","xp":19,"level":1},{"jid":"6281271699856@s.whatsapp.net","xp":23,"level":1},{"jid":"6281212860392@s.whatsapp.net","xp":10,"level":1},{"jid":"6281331005552@s.whatsapp.net","xp":331,"level":1},{"jid":"6289635745769@s.whatsapp.net","xp":101,"level":1},{"jid":"6281213082150@s.whatsapp.net","xp":2,"level":1},{"jid":"6289512781770@s.whatsapp.net","xp":50,"level":1},{"jid":"6281229588674@s.whatsapp.net","xp":126,"level":1},{"jid":"6288230412480@s.whatsapp.net","xp":26,"level":1},{"jid":"6281330896105@s.whatsapp.net","xp":10,"level":1},{"jid":"62895600118535@s.whatsapp.net","xp":2,"level":1},{"jid":"6285366834566@s.whatsapp.net","xp":143,"level":1},{"jid":"6288217891939@s.whatsapp.net","xp":488,"level":1},{"jid":"6285695461206@s.whatsapp.net","xp":141,"level":1},{"jid":"6281319842835@s.whatsapp.net","xp":44,"level":1},{"jid":"6281348051836@s.whatsapp.net","xp":19,"level":1},{"jid":"51925814988@s.whatsapp.net","xp":7,"level":1},{"jid":"6285216007427@s.whatsapp.net","xp":4,"level":1},{"jid":"51974057054@s.whatsapp.net","xp":72,"level":1},{"jid":"6289620593984@s.whatsapp.net","xp":35,"level":1},{"jid":"628881907245@s.whatsapp.net","xp":59,"level":1},{"jid":"6285850180437@s.whatsapp.net","xp":52,"level":1},{"jid":"6285711679247@s.whatsapp.net","xp":225,"level":1},{"jid":"6285832701141@s.whatsapp.net","xp":12,"level":1},{"jid":"6281280109663@s.whatsapp.net","xp":133,"level":1},{"jid":"6285640987355@s.whatsapp.net","xp":33,"level":1},{"jid":"62888062622511@s.whatsapp.net","xp":85,"level":1},{"jid":"6283132838282@s.whatsapp.net","xp":260,"level":1},{"jid":"994406251166@s.whatsapp.net","xp":105,"level":1},{"jid":"62895397244070@s.whatsapp.net","xp":103,"level":1},{"jid":"6282372745823@s.whatsapp.net","xp":12,"level":1},{"jid":"6289649670713@s.whatsapp.net","xp":58,"level":1},{"jid":"62895396847197@s.whatsapp.net","xp":26,"level":1},{"jid":"15168883860@s.whatsapp.net","xp":27,"level":1},{"jid":"6282143356034@s.whatsapp.net","xp":12,"level":1},{"jid":"6288808719953@s.whatsapp.net","xp":16,"level":1},{"jid":"6289617742046@s.whatsapp.net","xp":25,"level":1},{"jid":"628985449048@s.whatsapp.net","xp":7,"level":1},{"jid":"62895412453434@s.whatsapp.net","xp":20,"level":1},{"jid":"6281350711811@s.whatsapp.net","xp":172,"level":1},{"jid":"6281928925948@s.whatsapp.net","xp":50,"level":1},{"jid":"6281515275462@s.whatsapp.net","xp":54,"level":1},{"jid":"6285249508672@s.whatsapp.net","xp":5,"level":1},{"jid":"6281515702758@s.whatsapp.net","xp":193,"level":1},{"jid":"6281330270822@s.whatsapp.net","xp":225,"level":1},{"jid":"6289693848709@s.whatsapp.net","xp":174,"level":1},{"jid":"6282157993516@s.whatsapp.net","xp":12,"level":1},{"jid":"6281373325515@s.whatsapp.net","xp":16,"level":1},{"jid":"6282251332563@s.whatsapp.net","xp":6,"level":1},{"jid":"6283141802669@s.whatsapp.net","xp":13,"level":1},{"jid":"628975968621@s.whatsapp.net","xp":66,"level":1},{"jid":"6283149656517@s.whatsapp.net","xp":78,"level":1},{"jid":"6281239310519@s.whatsapp.net","xp":273,"level":1},{"jid":"6285762610036@s.whatsapp.net","xp":4,"level":1},{"jid":"6283837705074@s.whatsapp.net","xp":71,"level":1},{"jid":"6281380358980@s.whatsapp.net","xp":693,"level":1},{"jid":"6281224636096@s.whatsapp.net","xp":7,"level":1},{"jid":"628979425624@s.whatsapp.net","xp":45,"level":1},{"jid":"6287816100555@s.whatsapp.net","xp":3,"level":1},{"jid":"6289609941607@s.whatsapp.net","xp":86,"level":1},{"jid":"6283803110480@s.whatsapp.net","xp":3,"level":1},{"jid":"6285926431562@s.whatsapp.net","xp":175,"level":1},{"jid":"6288221837321@s.whatsapp.net","xp":3,"level":1},{"jid":"6285658650675@s.whatsapp.net","xp":115,"level":1},{"jid":"62895321746795@s.whatsapp.net","xp":6,"level":1},{"jid":"6285750495304@s.whatsapp.net","xp":15,"level":1},{"jid":"6281262306580@s.whatsapp.net","xp":12,"level":1},{"jid":"62895332182114@s.whatsapp.net","xp":3,"level":1},{"jid":"16062831235@s.whatsapp.net","xp":316,"level":1},{"jid":"6287760885174@s.whatsapp.net","xp":8,"level":1},{"jid":"6282326491800@s.whatsapp.net","xp":7,"level":1},{"jid":"628811966262@s.whatsapp.net","xp":6,"level":1},{"jid":"6285728091418@s.whatsapp.net","xp":79,"level":1},{"jid":"6281220564428@s.whatsapp.net","xp":2,"level":1},{"jid":"6281918934451@s.whatsapp.net","xp":68,"level":1},{"jid":"6285794193314@s.whatsapp.net","xp":19,"level":1},{"jid":"628566543451@s.whatsapp.net","xp":249,"level":1},{"jid":"6281238979614@s.whatsapp.net","xp":6,"level":1},{"jid":"628886602463@s.whatsapp.net","xp":2,"level":1},{"jid":"6282142498540@s.whatsapp.net","xp":103,"level":1},{"jid":"6282268274260@s.whatsapp.net","xp":3,"level":1},{"jid":"6282384265726@s.whatsapp.net","xp":43,"level":1},{"jid":"6285228507823@s.whatsapp.net","xp":154,"level":1},{"jid":"6282255123081@s.whatsapp.net","xp":1637,"level":1},{"jid":"6285849622774@s.whatsapp.net","xp":31,"level":1},{"jid":"6285732037924@s.whatsapp.net","xp":67,"level":1},{"jid":"6288803189873@s.whatsapp.net","xp":94,"level":1},{"jid":"6285773130942@s.whatsapp.net","xp":14,"level":1},{"jid":"6287766690841@s.whatsapp.net","xp":159,"level":1},{"jid":"6285277030729@s.whatsapp.net","xp":342,"level":1},{"jid":"6285338697778@s.whatsapp.net","xp":34,"level":1},{"jid":"6281327649547@s.whatsapp.net","xp":6,"level":1},{"jid":"6285156628842@s.whatsapp.net","xp":9,"level":1},{"jid":"6289697558449@s.whatsapp.net","xp":103,"level":1},{"jid":"6282136077702@s.whatsapp.net","xp":19,"level":1},{"jid":"6285772879519@s.whatsapp.net","xp":6,"level":1},{"jid":"6285891410657@s.whatsapp.net","xp":5,"level":1},{"jid":"6282387028009@s.whatsapp.net","xp":3,"level":1},{"jid":"6285746897368@s.whatsapp.net","xp":207,"level":1},{"jid":"6285711272820@s.whatsapp.net","xp":80,"level":1},{"jid":"6288705834498@s.whatsapp.net","xp":40,"level":1},{"jid":"6287858322309@s.whatsapp.net","xp":48,"level":1},{"jid":"6283142073792@s.whatsapp.net","xp":329,"level":1},{"jid":"6285767252419@s.whatsapp.net","xp":5,"level":1},{"jid":"6285861272087@s.whatsapp.net","xp":15,"level":1},{"jid":"6282142949818@s.whatsapp.net","xp":55,"level":1},{"jid":"6285236163011@s.whatsapp.net","xp":40,"level":1},{"jid":"6289658815773@s.whatsapp.net","xp":37,"level":1},{"jid":"6281214441027@s.whatsapp.net","xp":37,"level":1},{"jid":"6283890700901@s.whatsapp.net","xp":22,"level":1},{"jid":"6289643988428@s.whatsapp.net","xp":83,"level":1},{"jid":"6281327538371@s.whatsapp.net","xp":54,"level":1},{"jid":"6282137918354@s.whatsapp.net","xp":97,"level":1},{"jid":"62895331765207@s.whatsapp.net","xp":3,"level":1},{"jid":"6281573129184@s.whatsapp.net","xp":105,"level":1},{"jid":"628812478704@s.whatsapp.net","xp":15,"level":1},{"jid":"6281220439155@s.whatsapp.net","xp":143,"level":1},{"jid":"6285609585220@s.whatsapp.net","xp":59,"level":1},{"jid":"6287797783053@s.whatsapp.net","xp":39,"level":1},{"jid":"6281292709196@s.whatsapp.net","xp":32,"level":1},{"jid":"6285524954326@s.whatsapp.net","xp":53,"level":1},{"jid":"6281389230312@s.whatsapp.net","xp":32,"level":1},{"jid":"6285691397216@s.whatsapp.net","xp":58,"level":1},{"jid":"5512996815604@s.whatsapp.net","xp":40,"level":1},{"jid":"6289504585790@s.whatsapp.net","xp":3,"level":1},{"jid":"628567418110@s.whatsapp.net","xp":20,"level":1},{"jid":"6283198744856@s.whatsapp.net","xp":20,"level":1},{"jid":"62895414802252@s.whatsapp.net","xp":7,"level":1},{"jid":"6283801962884@s.whatsapp.net","xp":4,"level":1},{"jid":"6285766575501@s.whatsapp.net","xp":175,"level":1},{"jid":"6281770403507@s.whatsapp.net","xp":352,"level":1},{"jid":"62856689957741@s.whatsapp.net","xp":5,"level":1},{"jid":"6283130023851@s.whatsapp.net","xp":116,"level":1},{"jid":"62895351975020@s.whatsapp.net","xp":14,"level":1},{"jid":"6285879050144@s.whatsapp.net","xp":98,"level":1},{"jid":"15753036987@s.whatsapp.net","xp":322,"level":1},{"jid":"62881023901437@s.whatsapp.net","xp":104,"level":1},{"jid":"17813862674@s.whatsapp.net","xp":56,"level":1},{"jid":"6283130819330@s.whatsapp.net","xp":58,"level":1},{"jid":"6282289098588@s.whatsapp.net","xp":183,"level":1},{"jid":"6281289138255@s.whatsapp.net","xp":32,"level":1},{"jid":"6289680615415@s.whatsapp.net","xp":20,"level":1},{"jid":"6285724697300@s.whatsapp.net","xp":42,"level":1},{"jid":"6282282535841@s.whatsapp.net","xp":434,"level":1},{"jid":"6281298800590@s.whatsapp.net","xp":52,"level":1},{"jid":"6281256529544@s.whatsapp.net","xp":96,"level":1},{"jid":"6281228643200@s.whatsapp.net","xp":8,"level":1},{"jid":"6282144394808@s.whatsapp.net","xp":143,"level":1},{"jid":"6287892446620@s.whatsapp.net","xp":11,"level":1},{"jid":"6283806069706@s.whatsapp.net","xp":10,"level":1},{"jid":"6289516603906@s.whatsapp.net","xp":8,"level":1},{"jid":"6282346840861@s.whatsapp.net","xp":11,"level":1},{"jid":"6285879053315@s.whatsapp.net","xp":66,"level":1},{"jid":"6285339189356@s.whatsapp.net","xp":12,"level":1},{"jid":"6287752532241@s.whatsapp.net","xp":1146,"level":1},{"jid":"6281220595591@s.whatsapp.net","xp":402,"level":1},{"jid":"6285888140468@s.whatsapp.net","xp":20,"level":1},{"jid":"6281287693209@s.whatsapp.net","xp":78,"level":1},{"jid":"6285706394366@s.whatsapp.net","xp":6,"level":1},{"jid":"6282370671660@s.whatsapp.net","xp":32,"level":1},{"jid":"12342563992@s.whatsapp.net","xp":265,"level":1},{"jid":"6283125978393@s.whatsapp.net","xp":6,"level":1},{"jid":"6285792576078@s.whatsapp.net","xp":330,"level":1},{"jid":"601123414651@s.whatsapp.net","xp":91,"level":1},{"jid":"6285711802681@s.whatsapp.net","xp":11,"level":1},{"jid":"6288291485193@s.whatsapp.net","xp":9,"level":1},{"jid":"6289508990763@s.whatsapp.net","xp":72,"level":1},{"jid":"6282286727151@s.whatsapp.net","xp":94,"level":1},{"jid":"6282152622449@s.whatsapp.net","xp":554,"level":1},{"jid":"6282360797369@s.whatsapp.net","xp":8,"level":1},{"jid":"6285321803610@s.whatsapp.net","xp":2,"level":1},{"jid":"6283115162204@s.whatsapp.net","xp":136,"level":1},{"jid":"62895617348000@s.whatsapp.net","xp":3,"level":1},{"jid":"6281257414201@s.whatsapp.net","xp":28,"level":1},{"jid":"6289507634644@s.whatsapp.net","xp":430,"level":1},{"jid":"6282350534963@s.whatsapp.net","xp":2,"level":1},{"jid":"6283162890055@s.whatsapp.net","xp":1055,"level":1},{"jid":"6285726297302@s.whatsapp.net","xp":7,"level":1},{"jid":"6281229784994@s.whatsapp.net","xp":806,"level":1},{"jid":"6281365388726@s.whatsapp.net","xp":19,"level":1},{"jid":"6285340434480@s.whatsapp.net","xp":4,"level":1},{"jid":"6285843990158@s.whatsapp.net","xp":129,"level":1},{"jid":"6285236794122@s.whatsapp.net","xp":78,"level":1},{"jid":"6282252509320@s.whatsapp.net","xp":62,"level":1},{"jid":"6283850328284@s.whatsapp.net","xp":6,"level":1},{"jid":"916378547170@s.whatsapp.net","xp":5,"level":1},{"jid":"6287737799415@s.whatsapp.net","xp":107,"level":1},{"jid":"6283181222378@s.whatsapp.net","xp":35,"level":1},{"jid":"6285283737791@s.whatsapp.net","xp":14,"level":1},{"jid":"6281359054989@s.whatsapp.net","xp":4,"level":1},{"jid":"6285348700772@s.whatsapp.net","xp":69,"level":1},{"jid":"6282111793523@s.whatsapp.net","xp":5,"level":1},{"jid":"6282258173429@s.whatsapp.net","xp":24,"level":1},{"jid":"62895414533737@s.whatsapp.net","xp":105,"level":1},{"jid":"6283169137295@s.whatsapp.net","xp":97,"level":1},{"jid":"62895413001925@s.whatsapp.net","xp":155,"level":1},{"jid":"6285726585985@s.whatsapp.net","xp":67,"level":1},{"jid":"62895360507091@s.whatsapp.net","xp":10,"level":1},{"jid":"6283872894156@s.whatsapp.net","xp":111,"level":1},{"jid":"6282140650814@s.whatsapp.net","xp":34,"level":1},{"jid":"6281281872699@s.whatsapp.net","xp":1511,"level":1},{"jid":"628979519691@s.whatsapp.net","xp":8,"level":1},{"jid":"6285156434005@s.whatsapp.net","xp":25,"level":1},{"jid":"6282217740992@s.whatsapp.net","xp":10,"level":1},{"jid":"6285746657092@s.whatsapp.net","xp":1660,"level":1},{"jid":"6285721174058@s.whatsapp.net","xp":6,"level":1},{"jid":"6285655882595@s.whatsapp.net","xp":16,"level":1},{"jid":"6283843251769@s.whatsapp.net","xp":56,"level":1},{"jid":"6283804616935@s.whatsapp.net","xp":4,"level":1},{"jid":"6281217248600@s.whatsapp.net","xp":895,"level":1},{"jid":"6285155332054@s.whatsapp.net","xp":375,"level":1},{"jid":"60199652125@s.whatsapp.net","xp":99,"level":1},{"jid":"6285960885710@s.whatsapp.net","xp":54,"level":1},{"jid":"6283142138342@s.whatsapp.net","xp":634,"level":1},{"jid":"6283857799712@s.whatsapp.net","xp":22,"level":1},{"jid":"6288298125965@s.whatsapp.net","xp":6,"level":1},{"jid":"6285340348665@s.whatsapp.net","xp":64,"level":1},{"jid":"62895324832250@s.whatsapp.net","xp":20,"level":1},{"jid":"6281211037493@s.whatsapp.net","xp":39,"level":1},{"jid":"6285708202458@s.whatsapp.net","xp":5,"level":1},{"jid":"6285774114561@s.whatsapp.net","xp":3,"level":1},{"jid":"6282146700059@s.whatsapp.net","xp":2,"level":1},{"jid":"628980649006@s.whatsapp.net","xp":11,"level":1},{"jid":"6285293691364@s.whatsapp.net","xp":37,"level":1},{"jid":"15207777984@s.whatsapp.net","xp":357,"level":1},{"jid":"6287733945874@s.whatsapp.net","xp":9,"level":1},{"jid":"62895379250608@s.whatsapp.net","xp":3,"level":1},{"jid":"6289637993147@s.whatsapp.net","xp":15,"level":1},{"jid":"62881023442081@s.whatsapp.net","xp":9,"level":1},{"jid":"918583823014@s.whatsapp.net","xp":32,"level":1},{"jid":"6282267622725@s.whatsapp.net","xp":140,"level":1},{"jid":"6283172209538@s.whatsapp.net","xp":4,"level":1},{"jid":"6285925833027@s.whatsapp.net","xp":117,"level":1},{"jid":"6281907774995@s.whatsapp.net","xp":12,"level":1},{"jid":"6281382836249@s.whatsapp.net","xp":168,"level":1},{"jid":"6285875006397@s.whatsapp.net","xp":30,"level":1},{"jid":"6281343294105@s.whatsapp.net","xp":18,"level":1},{"jid":"6288228154572@s.whatsapp.net","xp":109,"level":1},{"jid":"6283871642282@s.whatsapp.net","xp":411,"level":1},{"jid":"6285779386736@s.whatsapp.net","xp":120,"level":1},{"jid":"6283197641785@s.whatsapp.net","xp":14,"level":1},{"jid":"14045311762@s.whatsapp.net","xp":15,"level":1},{"jid":"62895362282300@s.whatsapp.net","xp":266,"level":1},{"jid":"6281999971634@s.whatsapp.net","xp":54,"level":1},{"jid":"6289528513401@s.whatsapp.net","xp":56,"level":1},{"jid":"6283850033310@s.whatsapp.net","xp":2,"level":1},{"jid":"6285825563213@s.whatsapp.net","xp":3,"level":1},{"jid":"6283806197674@s.whatsapp.net","xp":8,"level":1},{"jid":"6289677252854@s.whatsapp.net","xp":4,"level":1},{"jid":"6281804092743@s.whatsapp.net","xp":6,"level":1},{"jid":"6285766575446@s.whatsapp.net","xp":322,"level":1},{"jid":"6287852571911@s.whatsapp.net","xp":72,"level":1},{"jid":"6285731594109@s.whatsapp.net","xp":44,"level":1},{"jid":"6285641499206@s.whatsapp.net","xp":21,"level":1},{"jid":"6285257529272@s.whatsapp.net","xp":24,"level":1},{"jid":"6285755665103@s.whatsapp.net","xp":170,"level":1},{"jid":"6283832517523@s.whatsapp.net","xp":22,"level":1},{"jid":"628814110308@s.whatsapp.net","xp":40,"level":1},{"jid":"6282314463223@s.whatsapp.net","xp":33,"level":1},{"jid":"6281348687685@s.whatsapp.net","xp":69,"level":1},{"jid":"18136031445@s.whatsapp.net","xp":52,"level":1},{"jid":"62895324948367@s.whatsapp.net","xp":83,"level":1},{"jid":"916371808306@s.whatsapp.net","xp":5,"level":1},{"jid":"62895389530601@s.whatsapp.net","xp":4,"level":1},{"jid":"6281219355228@s.whatsapp.net","xp":12,"level":1},{"jid":"12014732494@s.whatsapp.net","xp":1547,"level":1},{"jid":"6285692697474@s.whatsapp.net","xp":15,"level":1},{"jid":"6281391592192@s.whatsapp.net","xp":10,"level":1},{"jid":"6285654273088@s.whatsapp.net","xp":7,"level":1},{"jid":"6283161519334@s.whatsapp.net","xp":3,"level":1},{"jid":"6285244591135@s.whatsapp.net","xp":3,"level":1},{"jid":"6285755300661@s.whatsapp.net","xp":6,"level":1},{"jid":"6285883150096@s.whatsapp.net","xp":1312,"level":1},{"jid":"994407487131@s.whatsapp.net","xp":15,"level":1},{"jid":"6285314177659@s.whatsapp.net","xp":8,"level":1},{"jid":"6285717136885@s.whatsapp.net","xp":8,"level":1},{"jid":"6282154617471@s.whatsapp.net","xp":23,"level":1},{"jid":"6281387814946@s.whatsapp.net","xp":5,"level":1},{"jid":"6281319540522@s.whatsapp.net","xp":2,"level":1},{"jid":"6285838528788@s.whatsapp.net","xp":2,"level":1},{"jid":"6285255904046@s.whatsapp.net","xp":107,"level":1},{"jid":"6283812598097@s.whatsapp.net","xp":44,"level":1},{"jid":"6288802596597@s.whatsapp.net","xp":217,"level":1},{"jid":"6288224526103@s.whatsapp.net","xp":114,"level":1},{"jid":"6289682168342@s.whatsapp.net","xp":14,"level":1},{"jid":"6287705041961@s.whatsapp.net","xp":224,"level":1},{"jid":"6283842108346@s.whatsapp.net","xp":7,"level":1},{"jid":"6287870863476@s.whatsapp.net","xp":20,"level":1},{"jid":"6288218951245@s.whatsapp.net","xp":8,"level":1},{"jid":"6282118601325@s.whatsapp.net","xp":10,"level":1},{"jid":"6281931880939@s.whatsapp.net","xp":238,"level":1},{"jid":"6287720082800@s.whatsapp.net","xp":4,"level":1},{"jid":"6285717385065@s.whatsapp.net","xp":145,"level":1},{"jid":"6285692474797@s.whatsapp.net","xp":2,"level":1},{"jid":"628873656480@s.whatsapp.net","xp":4,"level":1},{"jid":"62895803265350@s.whatsapp.net","xp":290,"level":1},{"jid":"6285230213705@s.whatsapp.net","xp":10,"level":1},{"jid":"16823247489@s.whatsapp.net","xp":448,"level":1},{"jid":"6285850823027@s.whatsapp.net","xp":30,"level":1},{"jid":"6285850651417@s.whatsapp.net","xp":25,"level":1},{"jid":"62859171654298@s.whatsapp.net","xp":5,"level":1},{"jid":"6281555745357@s.whatsapp.net","xp":28,"level":1},{"jid":"6282313855288@s.whatsapp.net","xp":26,"level":1},{"jid":"6281270341387@s.whatsapp.net","xp":11,"level":1},{"jid":"62887436465348@s.whatsapp.net","xp":2,"level":1},{"jid":"6282115089860@s.whatsapp.net","xp":580,"level":1},{"jid":"6288709725839@s.whatsapp.net","xp":106,"level":1},{"jid":"6287821115579@s.whatsapp.net","xp":116,"level":1},{"jid":"18663039615@s.whatsapp.net","xp":18,"level":1},{"jid":"6281262554289@s.whatsapp.net","xp":12,"level":1},{"jid":"6283843679891@s.whatsapp.net","xp":147,"level":1},{"jid":"6285771418126@s.whatsapp.net","xp":133,"level":1},{"jid":"62859118297972@s.whatsapp.net","xp":2,"level":1},{"jid":"628872047385@s.whatsapp.net","xp":83,"level":1},{"jid":"6283843313959@s.whatsapp.net","xp":114,"level":1},{"jid":"6281414190304@s.whatsapp.net","xp":9,"level":1},{"jid":"6287736880581@s.whatsapp.net","xp":26,"level":1},{"jid":"6282268901378@s.whatsapp.net","xp":112,"level":1},{"jid":"6287764332816@s.whatsapp.net","xp":5,"level":1},{"jid":"6283153843600@s.whatsapp.net","xp":34,"level":1},{"jid":"6289508702061@s.whatsapp.net","xp":42,"level":1},{"jid":"6285156431769@s.whatsapp.net","xp":2,"level":1},{"jid":"6285780116524@s.whatsapp.net","xp":11,"level":1},{"jid":"6281943576624@s.whatsapp.net","xp":209,"level":1},{"jid":"6288294595259@s.whatsapp.net","xp":139,"level":1},{"jid":"6285780966457@s.whatsapp.net","xp":569,"level":1},{"jid":"6281218877665@s.whatsapp.net","xp":2,"level":1},{"jid":"6281342625736@s.whatsapp.net","xp":35,"level":1},{"jid":"6285338716566@s.whatsapp.net","xp":10,"level":1},{"jid":"6281515751379@s.whatsapp.net","xp":5,"level":1},{"jid":"62895623482288@s.whatsapp.net","xp":25,"level":1},{"jid":"6281803302568@s.whatsapp.net","xp":5,"level":1},{"jid":"6289504242949@s.whatsapp.net","xp":6,"level":1},{"jid":"6285367278531@s.whatsapp.net","xp":55,"level":1},{"jid":"6288806173968@s.whatsapp.net","xp":4,"level":1},{"jid":"6285379512421@s.whatsapp.net","xp":16,"level":1},{"jid":"6289501638526@s.whatsapp.net","xp":23,"level":1},{"jid":"6285641588908@s.whatsapp.net","xp":3,"level":1},{"jid":"6283193805307@s.whatsapp.net","xp":11,"level":1},{"jid":"6283141674390@s.whatsapp.net","xp":21,"level":1},{"jid":"6281938716903@s.whatsapp.net","xp":29,"level":1},{"jid":"6282189637364@s.whatsapp.net","xp":45,"level":1},{"jid":"628311860682@s.whatsapp.net","xp":9,"level":1},{"jid":"6285865780270@s.whatsapp.net","xp":9,"level":1},{"jid":"6283106300320@s.whatsapp.net","xp":9,"level":1},{"jid":"6281805558174@s.whatsapp.net","xp":17,"level":1},{"jid":"6285337528004@s.whatsapp.net","xp":86,"level":1},{"jid":"6289629621747@s.whatsapp.net","xp":10,"level":1},{"jid":"62895705110010@s.whatsapp.net","xp":7,"level":1},{"jid":"6285658653426@s.whatsapp.net","xp":72,"level":1},{"jid":"6283846322003@s.whatsapp.net","xp":874,"level":1},{"jid":"6289635989223@s.whatsapp.net","xp":206,"level":1},{"jid":"6285243776165@s.whatsapp.net","xp":2,"level":1},{"jid":"6281319636124@s.whatsapp.net","xp":83,"level":1},{"jid":"6282119835120@s.whatsapp.net","xp":54,"level":1},{"jid":"6289602110895@s.whatsapp.net","xp":10,"level":1},{"jid":"6281238850980@s.whatsapp.net","xp":16,"level":1},{"jid":"6282313437836@s.whatsapp.net","xp":104,"level":1},{"jid":"6282260110783@s.whatsapp.net","xp":28,"level":1},{"jid":"6282210426921@s.whatsapp.net","xp":136,"level":1},{"jid":"6282393463853@s.whatsapp.net","xp":15,"level":1},{"jid":"62823342971751@s.whatsapp.net","xp":204,"level":1},{"jid":"6283862345520@s.whatsapp.net","xp":109,"level":1},{"jid":"6289508764591@s.whatsapp.net","xp":50,"level":1},{"jid":"6285966320312@s.whatsapp.net","xp":187,"level":1},{"jid":"6285337235826@s.whatsapp.net","xp":36,"level":1},{"jid":"6285735054693@s.whatsapp.net","xp":10,"level":1},{"jid":"62882215428332@s.whatsapp.net","xp":103,"level":1},{"jid":"6283873152835@s.whatsapp.net","xp":25,"level":1},{"jid":"6289631038236@s.whatsapp.net","xp":13,"level":1},{"jid":"6282235581069@s.whatsapp.net","xp":1001,"level":1},{"jid":"6289694593580@s.whatsapp.net","xp":321,"level":1},{"jid":"6282232038914@s.whatsapp.net","xp":36,"level":1},{"jid":"6282196882236@s.whatsapp.net","xp":28,"level":1},{"jid":"6285223881416@s.whatsapp.net","xp":18,"level":1},{"jid":"6281257489859@s.whatsapp.net","xp":274,"level":1},{"jid":"6289612531921@s.whatsapp.net","xp":29,"level":1},{"jid":"6282252452100@s.whatsapp.net","xp":39,"level":1},{"jid":"994408432233@s.whatsapp.net","xp":57,"level":1},{"jid":"6283101549898@s.whatsapp.net","xp":146,"level":1},{"jid":"628971476909@s.whatsapp.net","xp":74,"level":1},{"jid":"6288807025408@s.whatsapp.net","xp":8,"level":1},{"jid":"60194211549@s.whatsapp.net","xp":44,"level":1},{"jid":"6283143116997@s.whatsapp.net","xp":9,"level":1},{"jid":"6285270913731@s.whatsapp.net","xp":51,"level":1},{"jid":"6283872215294@s.whatsapp.net","xp":12,"level":1},{"jid":"6285888258313@s.whatsapp.net","xp":35,"level":1},{"jid":"628812934080@s.whatsapp.net","xp":54,"level":1},{"jid":"6285691349735@s.whatsapp.net","xp":26,"level":1},{"jid":"6283159190836@s.whatsapp.net","xp":33,"level":1},{"jid":"6285900084858@s.whatsapp.net","xp":5,"level":1},{"jid":"62812349751175@s.whatsapp.net","xp":40,"level":1},{"jid":"6289627761236@s.whatsapp.net","xp":14,"level":1},{"jid":"601121206854@s.whatsapp.net","xp":27,"level":1},{"jid":"62895622955538@s.whatsapp.net","xp":84,"level":1},{"jid":"6281237422512@s.whatsapp.net","xp":52,"level":1},{"jid":"6285732810928@s.whatsapp.net","xp":69,"level":1},{"jid":"628887603213@s.whatsapp.net","xp":28,"level":1},{"jid":"6285938500484@s.whatsapp.net","xp":1556,"level":1},{"jid":"6285664302859@s.whatsapp.net","xp":272,"level":1},{"jid":"6289512458972@s.whatsapp.net","xp":15,"level":1},{"jid":"6283141630543@s.whatsapp.net","xp":22,"level":1},{"jid":"6282287776934@s.whatsapp.net","xp":34,"level":1},{"jid":"6281281817375@s.whatsapp.net","xp":25,"level":1},{"jid":"994408300182@s.whatsapp.net","xp":45,"level":1},{"jid":"6282287236504@s.whatsapp.net","xp":5,"level":1},{"jid":"6287819705796@s.whatsapp.net","xp":65,"level":1},{"jid":"6283896716303@s.whatsapp.net","xp":53,"level":1},{"jid":"6282382201762@s.whatsapp.net","xp":2,"level":1},{"jid":"62895357370080@s.whatsapp.net","xp":7,"level":1},{"jid":"6281315027773@s.whatsapp.net","xp":85,"level":1},{"jid":"62881025698256@s.whatsapp.net","xp":5,"level":1},{"jid":"994404762586@s.whatsapp.net","xp":107,"level":1},{"jid":"6281313994677@s.whatsapp.net","xp":12,"level":1},{"jid":"6281211471363@s.whatsapp.net","xp":34,"level":1},{"jid":"6288225146207@s.whatsapp.net","xp":109,"level":1},{"jid":"6282111501097@s.whatsapp.net","xp":143,"level":1},{"jid":"6283157288312@s.whatsapp.net","xp":109,"level":1},{"jid":"6285754179412@s.whatsapp.net","xp":203,"level":1},{"jid":"60128331491@s.whatsapp.net","xp":13,"level":1},{"jid":"6282136213330@s.whatsapp.net","xp":143,"level":1},{"jid":"995597984395@s.whatsapp.net","xp":22,"level":1},{"jid":"628995277852@s.whatsapp.net","xp":3,"level":1},{"jid":"6288225128479@s.whatsapp.net","xp":23,"level":1},{"jid":"6287821648498@s.whatsapp.net","xp":15,"level":1},{"jid":"6285691842186@s.whatsapp.net","xp":207,"level":1},{"jid":"6285782641565@s.whatsapp.net","xp":56,"level":1},{"jid":"62895382331666@s.whatsapp.net","xp":26,"level":1},{"jid":"6283830207416@s.whatsapp.net","xp":13,"level":1},{"jid":"6281311838819@s.whatsapp.net","xp":153,"level":1},{"jid":"6287850698887@s.whatsapp.net","xp":4,"level":1},{"jid":"6281268477296@s.whatsapp.net","xp":7,"level":1},{"jid":"6285736996646@s.whatsapp.net","xp":18,"level":1},{"jid":"6281284745140@s.whatsapp.net","xp":6,"level":1},{"jid":"62895605971726@s.whatsapp.net","xp":78,"level":1},{"jid":"6285224828221@s.whatsapp.net","xp":141,"level":1},{"jid":"6285766898859@s.whatsapp.net","xp":39,"level":1},{"jid":"6285230593236@s.whatsapp.net","xp":7,"level":1},{"jid":"601118597020@s.whatsapp.net","xp":7,"level":1},{"jid":"6281278895306@s.whatsapp.net","xp":94,"level":1},{"jid":"6283815956151@s.whatsapp.net","xp":23,"level":1},{"jid":"6281511710484@s.whatsapp.net","xp":6,"level":1},{"jid":"6289649694742@s.whatsapp.net","xp":6,"level":1},{"jid":"6285298514905@s.whatsapp.net","xp":147,"level":1},{"jid":"6282150552256@s.whatsapp.net","xp":63,"level":1},{"jid":"6285326837462@s.whatsapp.net","xp":30,"level":1},{"jid":"6281392427539@s.whatsapp.net","xp":3,"level":1},{"jid":"6285894071165@s.whatsapp.net","xp":32,"level":1},{"jid":"6285770269605@s.whatsapp.net","xp":39,"level":1},{"jid":"6281805231278@s.whatsapp.net","xp":9,"level":1},{"jid":"6285225018658@s.whatsapp.net","xp":7,"level":1},{"jid":"6288215538351@s.whatsapp.net","xp":4,"level":1},{"jid":"6281241715452@s.whatsapp.net","xp":7,"level":1},{"jid":"6283113511484@s.whatsapp.net","xp":71,"level":1},{"jid":"16822454046@s.whatsapp.net","xp":158,"level":1},{"jid":"6282277453012@s.whatsapp.net","xp":5,"level":1},{"jid":"6287894336002@s.whatsapp.net","xp":3,"level":1},{"jid":"6283879131574@s.whatsapp.net","xp":3,"level":1},{"jid":"6288221368854@s.whatsapp.net","xp":6,"level":1},{"jid":"6285817138633@s.whatsapp.net","xp":5,"level":1},{"jid":"6285372906349@s.whatsapp.net","xp":289,"level":1},{"jid":"6281396061030@s.whatsapp.net","xp":5,"level":1},{"jid":"6289525290604@s.whatsapp.net","xp":31,"level":1},{"jid":"16823825459@s.whatsapp.net","xp":100,"level":1},{"jid":"6285784830497@s.whatsapp.net","xp":11,"level":1},{"jid":"6285262999846@s.whatsapp.net","xp":5,"level":1},{"jid":"16043591192@s.whatsapp.net","xp":7,"level":1},{"jid":"6281905316913@s.whatsapp.net","xp":15,"level":1},{"jid":"6283163531134@s.whatsapp.net","xp":51,"level":1},{"jid":"16822904635@s.whatsapp.net","xp":593,"level":1},{"jid":"6289636006352@s.whatsapp.net","xp":181,"level":1},{"jid":"6281387289617@s.whatsapp.net","xp":121,"level":1},{"jid":"6285601643743@s.whatsapp.net","xp":2,"level":1},{"jid":"6285727088580@s.whatsapp.net","xp":5,"level":1},{"jid":"6281779258785@s.whatsapp.net","xp":799,"level":1},{"jid":"6289518184134@s.whatsapp.net","xp":86,"level":1},{"jid":"62812320152779@s.whatsapp.net","xp":350,"level":1},{"jid":"6287846541385@s.whatsapp.net","xp":14,"level":1},{"jid":"6282142939745@s.whatsapp.net","xp":144,"level":1},{"jid":"6288238528389@s.whatsapp.net","xp":5,"level":1},{"jid":"6288975526081@s.whatsapp.net","xp":12,"level":1},{"jid":"6285731054669@s.whatsapp.net","xp":5,"level":1},{"jid":"6285340827717@s.whatsapp.net","xp":44,"level":1},{"jid":"6281212497030@s.whatsapp.net","xp":22,"level":1},{"jid":"6282124838341@s.whatsapp.net","xp":16,"level":1},{"jid":"6282393384730@s.whatsapp.net","xp":8,"level":1},{"jid":"6282256398616@s.whatsapp.net","xp":134,"level":1},{"jid":"6282291992581@s.whatsapp.net","xp":274,"level":1},{"jid":"6285754522945@s.whatsapp.net","xp":142,"level":1},{"jid":"6285765654323@s.whatsapp.net","xp":5,"level":1},{"jid":"6288238145094@s.whatsapp.net","xp":12,"level":1},{"jid":"6285642342832@s.whatsapp.net","xp":23,"level":1},{"jid":"62858134821431@s.whatsapp.net","xp":6,"level":1},{"jid":"6281283468899@s.whatsapp.net","xp":4,"level":1},{"jid":"6285654855211@s.whatsapp.net","xp":29,"level":1},{"jid":"62813132919730@s.whatsapp.net","xp":6,"level":1},{"jid":"601124149557@s.whatsapp.net","xp":2,"level":1},{"jid":"6289528977477@s.whatsapp.net","xp":10,"level":1},{"jid":"62895397203650@s.whatsapp.net","xp":6,"level":1},{"jid":"6285740261224@s.whatsapp.net","xp":9,"level":1},{"jid":"6281314446584@s.whatsapp.net","xp":6,"level":1},{"jid":"6282293596246@s.whatsapp.net","xp":3,"level":1},{"jid":"994408555489@s.whatsapp.net","xp":5,"level":1},{"jid":"6285766833880@s.whatsapp.net","xp":76,"level":1}]