[{"jid":"6287720646259@s.whatsapp.net","xp":14734,"level":3},{"jid":"6282387804410@s.whatsapp.net","xp":20675,"level":3},{"jid":"6282255123081@s.whatsapp.net","xp":24337,"level":4},{"jid":"62823342971751@s.whatsapp.net","xp":5557,"level":2},{"jid":"62895803265350@s.whatsapp.net","xp":1,"level":1},{"jid":"6281615901727@s.whatsapp.net","xp":2254,"level":1},{"jid":"6285335639182@s.whatsapp.net","xp":2659,"level":1},{"jid":"6283846322003@s.whatsapp.net","xp":7126,"level":2},{"jid":"6285780966457@s.whatsapp.net","xp":1232,"level":1},{"jid":"6281257489859@s.whatsapp.net","xp":1643,"level":1},{"jid":"6285270913731@s.whatsapp.net","xp":1,"level":1},{"jid":"6281220595591@s.whatsapp.net","xp":1,"level":1},{"jid":"6285888258313@s.whatsapp.net","xp":1,"level":1},{"jid":"6285792987756@s.whatsapp.net","xp":1,"level":1},{"jid":"6283159190836@s.whatsapp.net","xp":1,"level":1},{"jid":"6282334297175@s.whatsapp.net","xp":9396,"level":3},{"jid":"6283102650464@s.whatsapp.net","xp":10639,"level":3},{"jid":"6289649480997@s.whatsapp.net","xp":13069,"level":3},{"jid":"6285156571797@s.whatsapp.net","xp":3470,"level":2},{"jid":"6285730343064@s.whatsapp.net","xp":2255,"level":1},{"jid":"16823247489@s.whatsapp.net","xp":1642,"level":1},{"jid":"62812349751175@s.whatsapp.net","xp":1427,"level":1},{"jid":"6285691349735@s.whatsapp.net","xp":622,"level":1},{"jid":"6289508764591@s.whatsapp.net","xp":1640,"level":1},{"jid":"6283101549898@s.whatsapp.net","xp":817,"level":1},{"jid":"6287736702685@s.whatsapp.net","xp":3281,"level":2},{"jid":"994406759740@s.whatsapp.net","xp":2235,"level":1},{"jid":"6285810134844@s.whatsapp.net","xp":205,"level":1},{"jid":"6285747479082@s.whatsapp.net","xp":409,"level":1},{"jid":"6282282535841@s.whatsapp.net","xp":2262,"level":1},{"jid":"62895338275686@s.whatsapp.net","xp":608,"level":1},{"jid":"6285875006397@s.whatsapp.net","xp":822,"level":1},{"jid":"6282210735917@s.whatsapp.net","xp":3703,"level":2},{"jid":"6289694593580@s.whatsapp.net","xp":3486,"level":2},{"jid":"6285793432434@s.whatsapp.net","xp":1625,"level":1},{"jid":"6285158410062@s.whatsapp.net","xp":204,"level":1},{"jid":"6283862345520@s.whatsapp.net","xp":808,"level":1},{"jid":"6289671036097@s.whatsapp.net","xp":1633,"level":1},{"jid":"6282147278662@s.whatsapp.net","xp":2044,"level":1},{"jid":"6282232038914@s.whatsapp.net","xp":404,"level":1},{"jid":"6289612531921@s.whatsapp.net","xp":1021,"level":1},{"jid":"6283872215294@s.whatsapp.net","xp":207,"level":1},{"jid":"6289698876777@s.whatsapp.net","xp":1430,"level":1},{"jid":"6282265118646@s.whatsapp.net","xp":415,"level":1},{"jid":"6282334297175@s.whatsapp.net","xp":7596,"level":2},{"jid":"6289508990763@s.whatsapp.net","xp":1427,"level":1},{"jid":"6283169137295@s.whatsapp.net","xp":1229,"level":1},{"jid":"6283851902588@s.whatsapp.net","xp":209,"level":1},{"jid":"6285752164908@s.whatsapp.net","xp":203,"level":1},{"jid":"6285340348665@s.whatsapp.net","xp":410,"level":1},{"jid":"6282252452100@s.whatsapp.net","xp":202,"level":1},{"jid":"6283176270113@s.whatsapp.net","xp":209,"level":1},{"jid":"601121206854@s.whatsapp.net","xp":1662,"level":1},{"jid":"6285966320312@s.whatsapp.net","xp":412,"level":1},{"jid":"62895622955538@s.whatsapp.net","xp":2053,"level":1},{"jid":"62878822565810@s.whatsapp.net","xp":16332,"level":3},{"jid":"6285755375996@s.whatsapp.net","xp":1430,"level":1},{"jid":"6281237422512@s.whatsapp.net","xp":2060,"level":1},{"jid":"12342563992@s.whatsapp.net","xp":410,"level":1},{"jid":"6283871642282@s.whatsapp.net","xp":402,"level":1},{"jid":"6282210426921@s.whatsapp.net","xp":404,"level":1},{"jid":"62895622955538@s.whatsapp.net","xp":2669,"level":1},{"jid":"6282210426921@s.whatsapp.net","xp":617,"level":1},{"jid":"6282260110783@s.whatsapp.net","xp":417,"level":1},{"jid":"6285157226383@s.whatsapp.net","xp":209,"level":1},{"jid":"6285732810928@s.whatsapp.net","xp":2249,"level":1},{"jid":"6282115089860@s.whatsapp.net","xp":5125,"level":2},{"jid":"6283184649489@s.whatsapp.net","xp":1633,"level":1},{"jid":"6281331005552@s.whatsapp.net","xp":416,"level":1},{"jid":"6285807107404@s.whatsapp.net","xp":3892,"level":2},{"jid":"6283120880134@s.whatsapp.net","xp":5332,"level":2},{"jid":"628887603213@s.whatsapp.net","xp":820,"level":1},{"jid":"6285867185837@s.whatsapp.net","xp":1641,"level":1},{"jid":"6289508764591@s.whatsapp.net","xp":827,"level":1},{"jid":"6288245621406@s.whatsapp.net","xp":2256,"level":1},{"jid":"6287813107837@s.whatsapp.net","xp":3276,"level":2},{"jid":"6285732810928@s.whatsapp.net","xp":1,"level":1},{"jid":"6282119835120@s.whatsapp.net","xp":208,"level":1},{"jid":"6282392166099@s.whatsapp.net","xp":1,"level":1},{"jid":"6283862345520@s.whatsapp.net","xp":1,"level":1},{"jid":"6281414190304@s.whatsapp.net","xp":1,"level":1},{"jid":"6285752164908@s.whatsapp.net","xp":23729,"level":4},{"jid":"6282133229303@s.whatsapp.net","xp":1,"level":1},{"jid":"6285867185837@s.whatsapp.net","xp":1,"level":1},{"jid":"6282235581069@s.whatsapp.net","xp":2870,"level":1},{"jid":"6289631038236@s.whatsapp.net","xp":1,"level":1},{"jid":"6281311838819@s.whatsapp.net","xp":1,"level":1},{"jid":"6285938500484@s.whatsapp.net","xp":6326,"level":2},{"jid":"6281268477296@s.whatsapp.net","xp":1,"level":1},{"jid":"62895331094162@s.whatsapp.net","xp":1,"level":1},{"jid":"6282136213330@s.whatsapp.net","xp":1231,"level":1},{"jid":"6281281872699@s.whatsapp.net","xp":6555,"level":2},{"jid":"6282131000143@s.whatsapp.net","xp":1022,"level":1},{"jid":"6283142073792@s.whatsapp.net","xp":1229,"level":1},{"jid":"6289647137002@s.whatsapp.net","xp":8390,"level":2},{"jid":"6283857799712@s.whatsapp.net","xp":207,"level":1},{"jid":"6285755665103@s.whatsapp.net","xp":1849,"level":1},{"jid":"6289649670713@s.whatsapp.net","xp":415,"level":1},{"jid":"6285664302859@s.whatsapp.net","xp":1435,"level":1},{"jid":"994408432233@s.whatsapp.net","xp":413,"level":1},{"jid":"6285224828221@s.whatsapp.net","xp":615,"level":1},{"jid":"6285224828221@s.whatsapp.net","xp":2661,"level":1},{"jid":"6289694593580@s.whatsapp.net","xp":1,"level":1},{"jid":"6281278895306@s.whatsapp.net","xp":811,"level":1},{"jid":"60187848971@s.whatsapp.net","xp":2058,"level":1},{"jid":"6281215199447@s.whatsapp.net","xp":15353,"level":3},{"jid":"6289524916171@s.whatsapp.net","xp":612,"level":1},{"jid":"6283815956151@s.whatsapp.net","xp":614,"level":1},{"jid":"6281511710484@s.whatsapp.net","xp":202,"level":1},{"jid":"6289649694742@s.whatsapp.net","xp":208,"level":1},{"jid":"6283896716303@s.whatsapp.net","xp":418,"level":1},{"jid":"6283896716303@s.whatsapp.net","xp":1023,"level":1},{"jid":"6285754179412@s.whatsapp.net","xp":202,"level":1},{"jid":"60128331491@s.whatsapp.net","xp":403,"level":1},{"jid":"6285754179412@s.whatsapp.net","xp":1,"level":1},{"jid":"6282150552256@s.whatsapp.net","xp":206,"level":1},{"jid":"6285746657092@s.whatsapp.net","xp":1842,"level":1},{"jid":"62895605971726@s.whatsapp.net","xp":205,"level":1},{"jid":"6285779386736@s.whatsapp.net","xp":623,"level":1},{"jid":"6285691842186@s.whatsapp.net","xp":816,"level":1},{"jid":"6285277030729@s.whatsapp.net","xp":403,"level":1},{"jid":"62895636761912@s.whatsapp.net","xp":18052,"level":3},{"jid":"6287797093016@s.whatsapp.net","xp":1,"level":1},{"jid":"6287846541385@s.whatsapp.net","xp":614,"level":1},{"jid":"6285724697300@s.whatsapp.net","xp":1,"level":1},{"jid":"6281387289617@s.whatsapp.net","xp":612,"level":1},{"jid":"6281779258785@s.whatsapp.net","xp":20431,"level":3},{"jid":"6285820129706@s.whatsapp.net","xp":1,"level":1},{"jid":"16822904635@s.whatsapp.net","xp":16983,"level":3},{"jid":"6285717778781@s.whatsapp.net","xp":413,"level":1},{"jid":"6288975526081@s.whatsapp.net","xp":402,"level":1},{"jid":"6282198571732@s.whatsapp.net","xp":5327,"level":2},{"jid":"6285298514905@s.whatsapp.net","xp":208,"level":1},{"jid":"6285340827717@s.whatsapp.net","xp":406,"level":1},{"jid":"6282142939745@s.whatsapp.net","xp":7751,"level":2},{"jid":"994404762586@s.whatsapp.net","xp":3073,"level":2},{"jid":"6281212497030@s.whatsapp.net","xp":411,"level":1},{"jid":"6283113511484@s.whatsapp.net","xp":209,"level":1},{"jid":"62812320152779@s.whatsapp.net","xp":10398,"level":3},{"jid":"6282256398616@s.whatsapp.net","xp":7365,"level":2},{"jid":"6282291992581@s.whatsapp.net","xp":11613,"level":3},{"jid":"6285372906349@s.whatsapp.net","xp":12915,"level":3},{"jid":"6285754522945@s.whatsapp.net","xp":4514,"level":2},{"jid":"6285765654323@s.whatsapp.net","xp":203,"level":1},{"jid":"6281555745357@s.whatsapp.net","xp":1029,"level":1},{"jid":"6289518184134@s.whatsapp.net","xp":2259,"level":1},{"jid":"6281368646011@s.whatsapp.net","xp":404,"level":1},{"jid":"6282313855288@s.whatsapp.net","xp":409,"level":1},{"jid":"6283163531134@s.whatsapp.net","xp":409,"level":1},{"jid":"6285642342832@s.whatsapp.net","xp":1845,"level":1},{"jid":"62858134821431@s.whatsapp.net","xp":410,"level":1},{"jid":"6281283468899@s.whatsapp.net","xp":203,"level":1},{"jid":"6289693848709@s.whatsapp.net","xp":203,"level":1},{"jid":"6283157288312@s.whatsapp.net","xp":611,"level":1},{"jid":"6289528513401@s.whatsapp.net","xp":609,"level":1},{"jid":"6283141674390@s.whatsapp.net","xp":206,"level":1},{"jid":"6282286255026@s.whatsapp.net","xp":411,"level":1}]