[{"id":"6287720646259@s.whatsapp.net","uang":9.95e+50},{"id":"6285752164908@s.whatsapp.net","uang":9949999999994001000},{"id":"6281515702758@s.whatsapp.net","uang":1326},{"id":"6282255123081@s.whatsapp.net","uang":19656},{"id":"6287846541385@s.whatsapp.net","uang":477},{"id":"6281278895306@s.whatsapp.net","uang":97},{"id":"6285807107404@s.whatsapp.net","uang":6923},{"id":"6285867185837@s.whatsapp.net","uang":562},{"id":"6282235581069@s.whatsapp.net","uang":3601},{"id":"6281770403507@s.whatsapp.net","uang":463},{"id":"6281215199447@s.whatsapp.net","uang":19431},{"id":"6289649480997@s.whatsapp.net","uang":4154},{"id":"6281779258785@s.whatsapp.net","uang":24858},{"id":"6282334297175@s.whatsapp.net","uang":2628},{"id":"6285820129706@s.whatsapp.net","uang":0},{"id":"6282387804410@s.whatsapp.net","uang":19513},{"id":"6281281872699@s.whatsapp.net","uang":6477},{"id":"6283102650464@s.whatsapp.net","uang":1054},{"id":"6285724697300@s.whatsapp.net","uang":1310},{"id":"6285746657092@s.whatsapp.net","uang":10968},{"id":"62895331094162@s.whatsapp.net","uang":99},{"id":"6289694593580@s.whatsapp.net","uang":1213},{"id":"6285823131581@s.whatsapp.net","uang":290},{"id":"6285726585985@s.whatsapp.net","uang":474},{"id":"6287736880581@s.whatsapp.net","uang":97},{"id":"6281555745357@s.whatsapp.net","uang":651},{"id":"6289671036097@s.whatsapp.net","uang":382},{"id":"6283142073792@s.whatsapp.net","uang":836},{"id":"6283896716303@s.whatsapp.net","uang":98},{"id":"6282387711916@s.whatsapp.net","uang":93},{"id":"6283101549898@s.whatsapp.net","uang":184},{"id":"6281331005552@s.whatsapp.net","uang":96},{"id":"6281615901727@s.whatsapp.net","uang":1149},{"id":"6285224828221@s.whatsapp.net","uang":653},{"id":"6285793432434@s.whatsapp.net","uang":378},{"id":"6281220951879@s.whatsapp.net","uang":1136},{"id":"6285843990158@s.whatsapp.net","uang":190},{"id":"6285732810928@s.whatsapp.net","uang":1042},{"id":"6285782026550@s.whatsapp.net","uang":96}]